DISTRICT NAME,STAAR: % ALL SUBJECTS AT APPROACHES GRADE LEVEL STANDARD OR ABOVE,STAAR: % ALL SUBJECTS AT MEETS GRADE LEVEL STANDARD OR ABOVE, STAAR: % ALL SUBJECTS AT MASTERS GRADE LEVEL STANDARD,STAAR: % ELA/READING AT APPROACHES GRADE LEVEL STANDARD OR ABOVE,STAAR: % ELA/READING AT MEETS GRADE LEVEL STANDARD OR ABOVE,STAAR: % ELA/READING AT MASTERS GRADE LEVEL STANDARD,STAAR: % WRITING AT APPROACHES GRADE LEVEL STANDARD OR ABOVE,STAAR: % WRITING AT MEETS GRADE LEVEL STANDARD OR ABOVE,STAAR: % WRITING AT MASTERS GRADE LEVEL STANDARD,STAAR: % MATHEMATICS AT APPROACHES GRADE LEVEL STANDARD OR ABOVE,STAAR: % MATHEMATICS AT MEETS GRADE LEVEL STANDARD OR ABOVE,STAAR: % MATHEMATICS AT MASTERS GRADE LEVEL STANDARD,STAAR: % SCIENCE AT APPROACHES GRADE LEVEL STANDARD OR ABOVE,STAAR: % SCIENCE AT MEETS GRADE LEVEL STANDARD OR ABOVE,STAAR: % SCIENCE AT MASTERS GRADE LEVEL STANDARD,STAAR: % SOCIAL STUDIES AT APPROACHES GRADE LEVEL STANDARD OR ABOVE,STAAR: % SOCIAL STUDIES AT MEETS GRADE LEVEL STANDARD OR ABOVE, STAAR: % SOCIAL STUDIES AT MASTERS GRADE LEVEL STANDARD
CAYUGA ISD,85,60,30,83,64,32,76,42,13,89,67,37,86,52,21,81,54,26
ELKHART ISD,83,54,25,83,57,28,78,52,23,84,50,23,80,53,21,91,64,32
FRANKSTON ISD,79,52,23,76,52,21,67,32,4,85,55,25,80,52,24,81,62,43
NECHES ISD,83,53,23,78,52,22,73,38,7,89,58,26,93,57,31,81,51,23
PALESTINE ISD,66,38,16,64,39,15,51,23,4,69,37,17,71,43,18,70,45,24
WESTWOOD ISD,60,32,11,56,32,10,48,19,2,60,28,11,70,41,13,75,41,17
SLOCUM ISD,81,49,20,83,57,25,79,42,9,77,35,14,85,52,16,86,64,31
ANDREWS ISD,71,42,17,70,44,16,61,29,5,74,42,19,71,42,18,72,47,27
PINEYWOODS COMMUNITY ACADEMY,75,49,24,75,50,23,57,33,10,78,49,26,79,51,24,76,54,32
HUDSON ISD,84,58,28,83,57,26,70,37,13,87,64,33,90,62,28,88,60,34
LUFKIN ISD,68,42,19,67,41,16,55,29,7,68,40,19,74,48,22,79,57,37
HUNTINGTON ISD,73,44,19,71,44,18,63,31,7,76,47,22,79,47,21,70,45,20
DIBOLL ISD,72,41,16,69,40,13,56,22,5,77,46,20,78,43,16,76,44,24
ZAVALLA ISD,68,38,14,69,43,17,58,29,8,69,37,15,70,37,11,62,38,11
CENTRAL ISD,72,43,17,72,47,19,68,35,6,74,43,18,71,37,14,75,48,21
ARANSAS COUNTY ISD,60,33,13,62,37,14,54,26,7,55,27,10,61,35,12,71,47,27
ARCHER CITY ISD,87,61,31,86,65,34,90,60,19,89,57,33,94,67,29,78,54,28
HOLLIDAY ISD,84,59,27,83,61,27,74,38,10,84,57,27,88,63,23,92,75,43
WINDTHORST ISD,85,64,30,84,61,29,76,58,18,84,67,33,93,66,31,86,61,33
CLAUDE ISD,88,61,33,86,59,27,77,51,19,93,65,42,92,67,38,80,53,29
CHARLOTTE ISD,63,34,15,58,34,13,46,11,2,69,38,21,74,36,14,62,37,17
JOURDANTON ISD,74,45,21,76,45,18,55,29,8,74,46,24,80,47,21,76,56,35
LYTLE ISD,61,28,8,61,31,10,49,23,6,60,24,7,65,30,8,65,30,11
PLEASANTON ISD,66,39,16,64,39,13,42,18,6,67,36,16,76,48,19,80,52,31
POTEET ISD,58,30,10,63,35,11,56,26,6,54,27,9,59,25,7,56,30,12
BELLVILLE ISD,69,42,17,69,46,18,68,40,12,64,35,17,72,42,13,78,50,27
SEALY ISD,70,41,17,67,42,16,50,22,5,73,39,17,76,45,19,82,58,27
BRAZOS ISD,79,52,23,77,51,20,66,34,10,79,53,27,81,54,28,90,63,32
MULESHOE ISD,62,34,14,61,35,11,48,19,4,64,33,19,71,42,16,60,37,18
MEDINA ISD,77,42,15,77,48,17,68,29,6,71,31,9,83,46,13,91,64,33
BANDERA ISD,65,38,16,65,42,16,53,25,8,62,31,14,71,43,15,72,49,31
BASTROP ISD,53,29,11,53,31,10,38,15,3,52,26,10,60,34,13,61,37,19
ELGIN ISD,50,25,7,53,29,8,34,12,1,43,18,6,54,28,8,63,35,14
SMITHVILLE ISD,69,44,18,68,45,17,60,33,9,71,44,19,76,48,18,69,43,24
MCDADE ISD,68,37,14,73,44,16,54,24,0,58,25,12,84,48,12,84,55,32
SEYMOUR ISD,81,54,25,80,50,21,80,57,18,82,56,31,82,53,19,87,64,43
ST MARY'S ACADEMY CHARTER SCHOOL,67,29,12,80,42,22,52,21,0,60,23,7,50,9,0,,,
BEEVILLE ISD,63,32,11,66,40,13,52,19,4,57,23,8,66,30,7,76,45,21
PAWNEE ISD,62,28,15,65,30,21,40,24,8,60,26,10,81,29,19,70,40,10
PETTUS ISD,65,33,11,68,38,12,47,15,2,63,30,11,70,38,12,77,34,11
SKIDMORE-TYNAN ISD,74,42,17,75,48,20,65,37,8,68,32,12,82,49,18,83,46,27
RICHARD MILBURN ALTER HIGH SCHOOL,36,12,2,31,13,0,,,,21,2,1,41,7,1,58,20,6
PRIORITY CHARTER SCHOOLS,61,33,14,65,38,16,60,28,7,53,29,14,62,28,14,65,35,19
ORENDA CHARTER SCHOOL,86,57,26,89,66,29,78,44,11,81,47,18,88,59,28,93,74,52
ACADEMY ISD,75,45,19,74,48,20,55,28,5,74,41,17,87,57,24,83,49,25
BARTLETT ISD,52,22,6,55,25,8,45,19,9,43,13,3,63,26,5,66,37,14
BELTON ISD,72,45,20,72,49,20,62,34,12,69,40,18,79,52,24,78,52,29
HOLLAND ISD,83,55,23,80,53,21,77,42,7,83,54,25,91,67,25,83,59,37
KILLEEN ISD,66,37,14,67,41,15,56,25,5,64,32,13,69,38,15,73,48,27
ROGERS ISD,74,45,20,76,48,19,67,35,5,72,39,19,82,55,29,70,46,27
SALADO ISD,79,50,23,79,54,24,71,39,12,78,45,22,83,54,27,83,55,28
TEMPLE ISD,60,33,14,57,33,12,48,19,5,62,33,14,67,38,15,66,43,26
TROY ISD,77,48,20,78,48,19,73,44,13,74,45,20,86,55,24,75,50,32
POR VIDA ACADEMY,43,14,1,36,19,0,,,,19,0,0,61,4,0,61,18,5
GEORGE GERVIN ACADEMY,55,23,6,59,27,7,49,16,3,53,22,5,47,15,3,56,36,10
NEW FRONTIERS PUBLIC SCHOOLS INC,61,32,10,69,41,9,44,10,2,43,16,6,68,39,11,78,49,28
SCHOOL OF EXCELLENCE IN EDUCATION,46,18,7,51,22,9,31,19,2,40,11,5,49,19,8,56,28,5
SOUTHWEST PREPARATORY SCHOOL,41,15,4,46,23,7,38,10,2,32,7,2,37,12,3,56,22,8
INSPIRE ACADEMIES,64,35,14,66,43,18,40,24,4,53,21,9,79,32,5,82,59,41
BEXAR COUNTY ACADEMY,37,11,1,45,13,3,24,10,0,32,8,0,47,13,0,31,8,0
POSITIVE SOLUTIONS CHARTER SCHOOL,41,15,3,33,19,1,,,,25,0,0,50,9,0,62,27,15
HERITAGE ACADEMY,63,30,11,64,36,14,62,20,6,61,24,10,57,20,4,76,47,20
JUBILEE ACADEMIES,44,18,6,50,23,9,37,13,2,38,13,4,43,14,5,47,24,10
LIGHTHOUSE PUBLIC SCHOOLS,41,19,5,45,22,8,29,11,0,44,22,5,44,16,7,29,4,0
SCHOOL OF SCIENCE AND TECHNOLOGY,56,27,10,65,36,14,46,17,2,49,20,7,56,28,10,59,33,19
HARMONY SCIENCE ACAD (SAN ANTONIO),56,29,10,59,35,10,46,18,4,50,21,7,60,29,10,68,40,20
BROOKS ACADEMIES OF TEXAS,52,24,8,63,34,12,51,18,3,40,12,4,53,24,6,55,31,14
SCHOOL OF SCIENCE AND TECHNOLOGY D,59,30,12,68,38,17,55,21,5,52,24,9,61,27,8,52,28,15
HENRY FORD ACADEMY ALAMEDA SCHOOL,83,62,17,86,74,10,,,,47,5,0,88,59,0,97,84,45
BASIS TEXAS,91,71,44,93,75,47,89,64,28,89,70,43,90,69,50,94,75,60
GREAT HEARTS TEXAS,81,53,26,86,59,31,75,46,13,81,50,25,76,44,19,86,63,37
ELEANOR KOLITZ HEBREW LANGUAGE ACA,86,59,30,91,70,42,84,61,25,83,53,23,81,45,16,85,35,20
COMPASS ROSE ACADEMY,41,19,4,47,28,6,29,8,2,30,11,3,59,20,3,40,20,20
PROMESA ACADEMY CHARTER SCHOOL,,,,,,,,,,,,,,,,,,
SAN ANTONIO PREPARATORY CHARTER SC,36,11,4,45,16,7,32,7,5,34,10,2,13,0,0,,,
THE GATHERING PLACE,,,,,,,,,,,,,,,,,,
ALAMO HEIGHTS ISD,80,57,27,82,64,31,73,45,15,79,53,26,83,54,23,80,59,38
HARLANDALE ISD,53,25,8,56,29,8,37,11,1,49,20,7,59,28,8,63,35,14
EDGEWOOD ISD,41,17,5,44,22,7,24,7,1,36,12,3,46,15,4,47,24,9
RANDOLPH FIELD ISD,89,64,32,90,68,32,85,51,15,89,60,29,95,70,41,85,65,42
SAN ANTONIO ISD,44,20,6,48,25,7,32,12,3,37,13,4,46,19,5,59,33,14
SOUTH SAN ANTONIO ISD,43,20,6,45,23,6,30,10,1,37,13,5,49,21,6,60,33,14
SOMERSET ISD,69,40,15,69,41,14,58,26,5,73,42,20,70,40,13,71,43,18
NORTH EAST ISD,72,47,22,74,53,24,62,34,11,68,39,17,77,51,25,79,57,36
EAST CENTRAL ISD,50,23,7,53,28,8,39,16,3,44,17,5,55,24,6,57,31,15
SOUTHWEST ISD,55,28,9,58,33,11,47,21,4,50,22,8,54,26,8,63,36,16
LACKLAND ISD,81,50,23,83,56,27,78,42,8,75,43,20,85,50,22,91,61,38
FT SAM HOUSTON ISD,79,50,21,82,59,23,67,33,11,74,39,16,84,55,24,88,62,38
NORTHSIDE ISD,67,40,16,70,46,17,55,27,7,60,29,11,72,44,18,79,56,33
JUDSON ISD,59,31,11,62,36,12,49,21,5,53,22,7,62,32,10,73,47,24
SOUTHSIDE ISD,48,22,8,51,27,10,37,14,3,42,17,6,53,25,9,56,27,10
JOHNSON CITY ISD,82,54,22,79,55,22,68,38,9,84,52,20,85,55,23,90,73,35
BLANCO ISD,76,48,19,75,49,18,57,27,6,77,43,16,83,62,26,82,56,33
BORDEN COUNTY ISD,92,61,30,95,66,36,81,44,13,90,59,34,93,67,24,97,48,17
CLIFTON ISD,74,46,19,72,46,18,59,31,5,76,42,16,76,52,25,82,63,36
MERIDIAN ISD,66,34,11,71,40,12,62,29,5,58,29,12,75,30,11,65,31,13
MORGAN ISD,60,31,9,55,29,4,38,14,5,59,26,15,83,43,0,81,52,24
VALLEY MILLS ISD,73,45,15,74,48,13,65,33,5,74,43,18,77,50,13,69,45,24
WALNUT SPRINGS ISD,60,29,6,63,33,6,41,9,0,58,26,4,54,30,5,80,40,20
IREDELL ISD,69,40,15,73,52,20,62,19,0,63,30,11,71,39,13,85,54,31
KOPPERL ISD,59,34,9,65,45,11,55,23,5,50,26,6,72,36,8,48,26,13
CRANFILLS GAP ISD,71,41,12,70,43,14,65,35,10,69,41,11,77,45,9,82,36,18
DEKALB ISD,71,39,14,65,39,16,72,33,8,81,44,16,69,33,10,59,34,18
HOOKS ISD,79,50,19,82,56,22,74,47,15,78,47,19,76,40,9,81,53,29
MAUD ISD,81,54,22,80,59,22,69,35,13,82,54,26,93,60,23,73,42,18
NEW BOSTON ISD,65,38,15,63,39,14,48,23,4,64,34,14,76,45,20,78,49,23
REDWATER ISD,81,54,26,76,52,20,70,34,8,85,58,31,86,59,31,84,59,39
TEXARKANA ISD,67,41,18,67,44,19,55,27,8,67,38,16,73,46,19,76,53,30
LIBERTY-EYLAU ISD,48,24,7,46,25,8,32,14,1,48,19,5,57,33,12,60,32,13
SIMMS ISD,79,46,19,75,46,20,68,23,3,89,53,23,75,47,16,76,49,21
MALTA ISD,85,46,25,90,49,30,69,38,15,84,48,23,89,33,22,,,
RED LICK ISD,89,60,30,91,59,37,89,71,31,90,61,27,86,55,22,81,42,22
PLEASANT GROVE ISD,87,63,30,87,67,31,83,50,15,90,64,34,89,65,30,81,55,31
HUBBARD ISD,70,42,26,73,41,30,45,27,9,76,51,24,67,40,33,71,29,29
LEARY ISD,61,26,12,68,32,16,58,25,0,55,20,14,69,31,8,-1,-1,-1
ALVIN ISD,73,46,21,74,50,22,65,36,12,71,40,18,78,51,24,76,51,31
ANGLETON ISD,72,43,17,73,47,17,63,29,7,69,36,16,80,53,21,70,45,24
DANBURY ISD,75,44,17,75,47,14,72,37,13,73,38,15,72,39,12,84,65,38
BRAZOSPORT ISD,70,42,18,67,43,16,60,28,7,75,44,20,73,45,20,72,43,24
SWEENY ISD,66,39,14,68,43,15,52,28,5,64,32,13,77,47,18,65,38,17
COLUMBIA-BRAZORIA ISD,62,35,15,59,36,14,42,18,3,64,37,17,72,40,15,64,38,21
PEARLAND ISD,83,61,34,83,61,31,77,52,21,83,59,35,87,69,43,84,63,41
DAMON ISD,43,23,10,40,26,9,35,17,4,52,28,17,35,12,6,33,0,0
BRAZOS SCHOOL FOR INQUIRY & CREATI,48,18,5,39,17,6,67,19,4,44,21,6,33,17,0,,,
ARROW ACADEMY,59,26,11,67,36,17,48,20,2,55,21,9,51,16,2,,,
COLLEGE STATION ISD,81,58,33,79,58,30,69,41,16,82,59,34,85,64,39,84,66,49
BRYAN ISD,60,34,13,59,34,13,53,25,6,60,31,13,68,39,14,64,41,23
TERLINGUA CSD,53,24,10,52,26,6,17,0,0,50,14,6,79,53,26,61,33,22
ALPINE ISD,78,51,24,80,56,22,54,25,5,74,43,20,87,58,24,90,69,55
MARATHON ISD,73,38,13,75,42,14,86,29,0,60,20,4,78,56,17,79,43,29
SAN VICENTE ISD,75,38,13,-1,-1,-1,-1,-1,-1,-1,-1,-1,-1,-1,-1,,,
SILVERTON ISD,79,51,23,77,52,20,71,39,4,82,52,32,85,58,21,77,50,23
BROOKS COUNTY ISD,50,23,7,52,28,8,40,12,1,44,19,7,58,24,6,58,28,10
BANGS ISD,79,53,22,81,57,23,72,43,10,79,52,23,84,54,22,77,50,31
BROWNWOOD ISD,69,44,19,67,44,16,55,28,5,72,46,22,73,47,22,76,49,25
BLANKET ISD,63,32,9,65,38,8,48,17,9,59,16,4,64,36,6,80,65,30
MAY ISD,77,46,17,78,48,13,72,40,4,71,29,12,82,55,18,85,73,49
ZEPHYR ISD,74,45,20,75,49,23,50,25,11,71,41,20,79,44,10,95,67,38
BROOKESMITH ISD,61,34,16,64,36,19,45,31,7,63,38,21,65,29,10,56,25,13
EARLY ISD,85,55,23,85,58,25,73,34,5,85,53,22,90,56,21,94,71,46
CALDWELL ISD,73,45,20,72,46,18,55,30,10,77,45,21,75,46,22,81,54,33
SOMERVILLE ISD,62,31,10,54,28,8,33,21,5,72,37,17,66,26,3,76,41,12
SNOOK ISD,65,38,17,55,34,15,60,26,7,78,52,24,65,32,10,65,36,24
BURNET CISD,65,37,14,64,40,14,53,25,7,67,36,14,68,38,13,69,39,20
MARBLE FALLS ISD,67,38,16,67,41,17,49,20,6,67,34,13,74,45,18,75,50,28
LOCKHART ISD,56,29,10,56,31,10,39,13,1,57,27,10,64,36,15,59,34,18
LULING ISD,56,27,9,55,29,10,38,8,2,55,23,9,67,35,11,64,34,11
PRAIRIE LEA ISD,39,13,2,45,18,2,28,3,0,35,5,0,41,22,4,30,13,13
CALHOUN COUNTY ISD,73,44,20,71,44,17,65,35,9,75,45,24,80,51,21,66,41,24
CROSS PLAINS ISD,74,47,18,76,47,16,71,47,5,81,49,25,67,42,16,58,42,14
CLYDE CISD,73,45,18,70,44,17,65,36,11,74,44,21,81,55,18,81,51,25
BAIRD ISD,78,47,17,75,47,12,66,29,3,77,47,23,84,48,22,90,59,27
EULA ISD,76,51,24,76,53,24,62,38,17,73,44,18,85,65,24,80,59,45
BROWNSVILLE ISD,59,31,11,63,38,12,51,23,5,51,21,7,62,31,10,68,44,21
HARLINGEN CISD,61,33,12,64,38,13,50,21,5,56,25,10,65,36,11,72,47,23
LA FERIA ISD,63,34,11,65,39,11,54,24,7,58,27,9,63,32,10,77,48,20
LOS FRESNOS CISD,71,42,17,74,47,17,63,32,9,65,35,16,78,47,19,74,49,27
POINT ISABEL ISD,55,25,8,60,33,10,52,20,3,47,15,4,62,23,7,58,35,17
RIO HONDO ISD,54,25,6,57,32,7,46,15,3,45,15,4,59,30,8,67,35,13
SAN BENITO CISD,49,23,7,55,29,9,50,19,3,40,14,4,51,21,5,57,28,11
SANTA MARIA ISD,42,14,4,45,19,5,38,8,1,39,10,3,38,8,0,50,24,13
SANTA ROSA ISD,56,26,8,60,33,11,43,10,1,50,17,5,62,30,11,64,37,11
SOUTH TEXAS ISD,89,68,30,92,77,29,93,62,25,83,55,24,93,70,35,87,65,40
PITTSBURG ISD,81,50,21,77,46,17,72,34,6,85,55,26,88,60,23,80,54,29
GROOM ISD,89,66,30,90,64,25,52,33,0,94,69,34,94,78,47,95,71,43
PANHANDLE ISD,90,66,35,87,62,30,82,58,23,94,74,44,92,67,31,90,66,40
WHITE DEER ISD,76,45,16,76,48,15,61,32,7,76,41,14,81,49,17,84,53,36
ATLANTA ISD,74,44,20,74,49,21,64,35,10,72,37,18,77,45,15,79,56,33
AVINGER ISD,67,35,12,70,38,19,65,53,6,62,29,4,68,28,5,73,46,23
HUGHES SPRINGS ISD,74,46,19,74,48,19,56,27,7,75,44,17,80,51,20,82,55,33
LINDEN-KILDARE CISD,71,42,14,72,44,15,49,20,6,72,40,12,82,48,13,75,58,28
MCLEOD ISD,83,53,22,79,51,23,65,39,8,94,61,29,79,53,19,81,44,13
QUEEN CITY ISD,73,45,17,70,48,17,82,52,14,72,40,15,80,48,15,65,42,30
BLOOMBURG ISD,74,42,18,70,47,20,73,18,9,72,40,16,84,43,18,82,51,23
DIMMITT ISD,59,30,8,54,31,8,44,13,2,63,29,9,63,31,8,67,39,14
HART ISD,83,53,20,84,53,23,77,38,4,85,60,23,83,52,20,79,38,17
NAZARETH ISD,90,71,37,89,71,42,94,85,27,88,61,26,93,82,41,93,79,55
ANAHUAC ISD,74,45,17,71,45,16,66,30,6,73,42,17,81,54,19,85,55,26
BARBERS HILL ISD,89,68,39,88,67,34,77,49,18,93,73,45,90,73,42,88,70,48
EAST CHAMBERS ISD,79,51,22,77,50,20,71,37,10,81,52,24,78,50,20,87,66,43
ALTO ISD,69,40,14,65,40,12,80,42,8,72,37,14,71,48,18,61,37,17
JACKSONVILLE ISD,66,36,14,68,40,15,58,28,6,66,31,12,67,36,13,70,47,27
RUSK ISD,74,44,18,73,46,18,60,27,6,75,41,16,77,46,18,81,61,42
NEW SUMMERFIELD ISD,71,37,11,73,38,11,65,29,1,70,37,12,70,39,7,73,36,22
WELLS ISD,68,36,13,71,45,13,68,20,8,67,28,14,64,29,5,66,48,24
CHILDRESS ISD,78,49,23,76,48,20,74,38,10,84,55,26,80,43,22,72,53,38
HENRIETTA ISD,79,51,21,80,52,20,66,40,9,79,48,21,80,51,22,86,66,41
PETROLIA CISD,69,40,14,73,47,15,64,41,10,66,30,12,64,34,12,77,52,20
BELLEVUE ISD,79,49,20,82,58,25,86,36,7,69,29,12,89,61,11,82,76,53
MIDWAY ISD,69,47,27,63,45,22,75,50,38,78,56,31,58,29,13,71,52,38
MORTON ISD,34,12,4,34,15,5,25,7,2,35,10,4,34,12,2,39,7,2
WHITEFACE CISD,71,36,12,74,45,13,74,26,4,70,32,13,68,26,5,63,40,26
BRONTE ISD,75,47,21,76,52,20,69,28,10,71,42,20,77,44,19,84,65,39
ROBERT LEE ISD,70,43,19,70,44,19,63,31,4,69,43,20,71,46,19,84,58,32
COLEMAN ISD,71,43,17,72,42,17,54,31,5,74,43,16,75,46,16,73,53,31
SANTA ANNA ISD,70,35,10,70,39,9,65,19,3,65,27,5,77,41,10,73,47,24
PANTHER CREEK CISD,75,42,18,79,50,21,72,39,11,74,42,14,64,25,11,76,44,32
IMAGINE INTERNATIONAL ACADEMY OF N,92,69,38,94,75,40,91,68,33,90,64,35,93,70,36,90,70,45
LONE STAR LANGUAGE ACADEMY,72,45,23,78,48,22,63,38,13,72,48,30,57,29,0,,,
ALLEN ISD,86,66,38,85,66,34,81,57,26,86,64,41,88,68,43,90,73,51
ANNA ISD,72,44,17,70,43,15,56,26,5,75,45,21,79,51,22,77,48,22
CELINA ISD,85,57,26,86,64,30,78,42,11,84,50,23,88,59,25,87,65,38
FARMERSVILLE ISD,78,47,19,78,50,19,70,37,12,76,39,15,81,53,22,85,60,38
FRISCO ISD,88,68,41,88,71,41,83,60,28,86,65,40,90,71,44,91,73,52
MCKINNEY ISD,81,59,30,82,62,30,72,44,14,80,55,29,84,61,34,86,65,43
MELISSA ISD,89,68,38,89,68,36,83,54,23,90,66,38,93,73,44,93,77,53
PLANO ISD,78,56,31,78,59,29,70,44,18,77,53,31,80,57,31,81,64,43
PRINCETON ISD,77,49,23,74,49,21,65,33,8,81,52,27,81,52,25,80,52,26
PROSPER ISD,85,61,31,85,63,30,81,52,17,85,59,33,88,64,34,90,68,45
WYLIE ISD,86,65,37,85,65,34,80,54,20,86,64,39,88,69,43,90,73,51
BLUE RIDGE ISD,77,52,23,74,52,22,74,50,15,81,54,28,80,49,17,80,52,23
COMMUNITY ISD,67,38,15,67,41,16,62,31,7,65,32,14,74,41,17,70,44,25
LOVEJOY ISD,94,79,49,93,77,44,92,73,37,96,84,56,95,79,49,94,79,56
WELLINGTON ISD,73,42,16,78,42,16,66,37,9,70,43,19,67,39,13,81,45,19
COLUMBUS ISD,68,38,13,64,38,12,61,28,5,67,35,13,78,45,19,75,47,22
RICE CISD,64,35,13,63,35,11,55,26,5,68,36,15,63,32,11,70,39,21
WEIMAR ISD,79,53,25,75,50,21,84,45,14,82,57,30,76,51,32,83,66,32
TRINITY CHARTER SCHOOL,,,,,,,,,,,,,,,,,,
NEW BRAUNFELS ISD,79,53,26,81,57,26,70,38,11,78,48,25,82,56,29,82,62,40
COMAL ISD,83,60,31,83,62,29,76,45,16,84,58,32,86,64,35,86,66,43
COMANCHE ISD,70,40,16,69,41,16,49,19,2,71,40,17,80,48,14,81,51,29
DE LEON ISD,80,50,19,82,55,19,64,40,9,79,46,19,83,45,10,88,65,38
GUSTINE ISD,70,42,19,68,41,18,50,33,6,77,48,23,68,43,28,71,36,14
SIDNEY ISD,73,45,20,73,52,21,67,38,14,69,30,13,77,50,23,90,67,38
EDEN CISD,51,25,10,58,32,9,30,15,0,52,21,14,43,20,4,58,24,18
PAINT ROCK ISD,58,23,7,61,31,9,47,18,0,53,13,4,61,22,6,73,33,20
GAINESVILLE ISD,62,34,13,60,34,10,53,21,5,65,34,14,62,37,15,63,48,24
MUENSTER ISD,90,67,34,90,71,33,87,64,28,91,67,34,90,56,35,92,69,49
VALLEY VIEW ISD,62,32,12,65,39,13,59,24,7,58,23,9,64,31,9,68,48,23
CALLISBURG ISD,78,48,21,76,52,22,64,36,11,78,40,19,87,56,24,83,56,36
ERA ISD,84,57,23,85,58,22,89,60,5,87,58,28,78,50,18,78,54,34
LINDSAY ISD,87,65,32,88,67,30,85,52,12,85,66,38,87,64,33,91,66,36
WALNUT BEND ISD,51,16,3,55,24,6,73,27,7,39,6,0,30,10,0,-1,-1,-1
SIVELLS BEND ISD,86,61,29,83,63,46,100,78,11,88,58,21,80,60,20,-1,-1,-1
EVANT ISD,57,29,10,63,37,11,39,8,3,53,23,7,59,33,11,65,35,18
GATESVILLE ISD,72,45,20,68,45,18,59,32,11,73,39,18,82,58,28,81,57,30
OGLESBY ISD,72,37,12,72,41,15,74,53,11,75,25,8,64,36,8,71,46,14
JONESBORO ISD,62,30,11,66,35,11,50,18,6,55,25,12,79,37,16,57,30,9
COPPERAS COVE ISD,71,43,18,71,44,17,58,26,6,72,42,19,76,44,18,78,53,31
PADUCAH ISD,63,37,14,58,35,14,45,30,10,69,36,17,70,43,10,69,41,14
CRANE ISD,66,39,14,64,38,12,61,34,10,65,37,16,76,42,10,67,48,26
CROCKETT COUNTY CONSOLIDATED CSD,69,37,16,68,37,15,48,15,3,75,43,18,79,48,29,56,25,12
CROSBYTON CISD,54,27,7,60,33,10,54,24,3,46,14,5,54,37,5,60,36,13
LORENZO ISD,57,24,7,56,29,8,57,14,0,63,23,8,44,19,2,54,25,17
RALLS ISD,53,28,10,53,29,11,35,11,4,50,23,7,66,38,14,61,39,11
CULBERSON COUNTY-ALLAMOORE ISD,53,24,3,61,33,4,48,21,2,36,12,2,54,17,1,73,44,10
DALHART ISD,66,39,15,62,36,12,49,17,3,72,44,20,76,50,24,71,47,19
TEXLINE ISD,80,56,25,77,58,28,80,51,6,84,57,31,71,43,17,90,66,24
PEGASUS SCHOOL OF LIBERAL ARTS AND,34,14,5,42,22,6,33,4,2,17,6,3,39,13,3,37,14,7
UPLIFT EDUCATION,54,26,9,59,33,11,47,19,5,49,20,8,57,26,8,56,30,15
TEXANS CAN ACADEMIES,48,16,2,37,16,0,,,,48,11,2,53,9,1,66,23,6
LUMIN EDUCATION,62,29,9,73,33,15,,,,52,24,3,,,,,,
ADVANTAGE ACADEMY,37,15,6,43,19,8,33,12,3,28,11,4,44,15,4,37,15,7
LIFE SCHOOL,59,29,9,63,36,11,51,22,5,53,23,8,63,28,7,57,30,12
UNIVERSAL ACADEMY,81,56,32,84,58,32,73,46,20,80,58,36,81,55,28,77,53,34
NOVA ACADEMY,64,23,5,57,25,7,60,30,0,71,18,4,,,,,,
ACADEMY OF DALLAS,31,10,3,41,16,5,40,9,2,20,7,1,26,11,0,26,8,3
TRINITY BASIN PREPARATORY,56,26,10,59,27,11,47,17,4,56,26,9,53,29,14,56,23,9
ACADEMY FOR ACADEMIC EXCELLENCE,,,,,,,,,,,,,,,,,,
A W BROWN LEADERSHIP ACADEMY,51,22,7,61,32,10,43,11,2,52,22,6,34,11,4,44,22,6
JEAN MASSIEU ACADEMY,56,27,12,67,37,17,37,19,9,51,15,7,54,29,11,67,48,24
NOVA ACADEMY SOUTHEAST,55,21,6,61,29,10,54,14,3,46,17,5,67,21,5,48,13,0
WINFREE ACADEMY CHARTER SCHOOLS,52,25,5,46,26,2,,,,30,4,1,55,16,4,69,35,12
A+ ACADEMY,53,24,7,56,27,6,36,8,2,51,22,7,56,27,4,65,35,19
INSPIRED VISION ACADEMY,45,17,5,49,22,6,26,7,1,41,12,4,46,14,4,56,26,9
GATEWAY CHARTER ACADEMY,50,20,6,52,27,11,37,15,0,51,14,4,45,17,4,55,21,0
EDUCATION CENTER INTERNATIONAL ACA,61,32,12,62,34,11,66,30,8,56,29,11,60,27,21,71,50,25
EVOLUTION ACADEMY CHARTER SCHOOL,41,15,2,35,15,1,,,,25,1,0,47,10,0,57,23,4
GOLDEN RULE CHARTER SCHOOL,67,34,14,70,38,15,56,24,5,67,36,18,62,26,7,76,30,14
ST ANTHONY SCHOOL,82,44,13,89,63,29,90,58,6,80,30,6,71,21,0,38,0,0
LA ACADEMIA DE ESTRELLAS,60,26,8,62,29,11,51,21,3,58,23,6,63,31,8,65,22,5
RICHLAND COLLEGIATE HIGH SCHOOL,98,82,38,80,60,0,,,,98,80,17,-1,-1,-1,99,84,45
CITYSCAPE SCHOOLS,40,16,5,43,19,6,37,12,1,38,15,5,41,16,2,42,4,2
MANARA ACADEMY,56,26,10,64,33,12,52,23,6,49,21,8,60,23,11,53,23,9
UME PREPARATORY ACADEMY,78,48,22,82,55,25,68,37,11,73,37,15,85,58,28,83,61,42
LEGACY PREPARATORY,40,14,4,50,23,6,31,8,1,32,8,3,39,9,1,36,13,7
VILLAGE TECH SCHOOLS,57,30,11,59,35,13,48,23,3,52,19,7,59,33,7,77,51,32
INTERNATIONAL LEADERSHIP OF TEXAS,52,27,10,57,33,12,44,18,3,46,19,8,59,31,11,59,33,17
PIONEER TECHNOLOGY & ARTS ACADEMY,69,37,13,76,48,19,65,28,6,62,26,9,76,39,11,64,34,19
BRIDGEWAY PREPARATORY ACADEMY,36,3,0,50,6,0,,,,25,0,0,-1,-1,-1,,,
CARROLLTON-FARMERS BRANCH ISD,62,35,15,63,38,15,53,27,9,61,32,14,62,35,15,69,42,21
CEDAR HILL ISD,59,30,10,66,39,13,53,23,4,48,19,7,62,30,9,63,35,15
DALLAS ISD,60,34,14,61,37,15,48,23,7,61,32,14,62,32,12,64,38,19
DESOTO ISD,48,22,6,53,27,9,39,14,2,40,14,4,50,19,4,59,34,14
DUNCANVILLE ISD,55,27,8,57,32,9,43,17,3,50,20,6,61,29,10,62,32,14
GARLAND ISD,62,35,14,65,40,15,52,24,5,58,28,11,64,36,15,70,44,24
GRAND PRAIRIE ISD,60,34,13,61,37,13,51,24,6,58,29,12,64,35,13,68,43,23
HIGHLAND PARK ISD,95,78,48,96,82,49,94,72,32,95,78,50,95,74,40,96,81,61
IRVING ISD,52,25,8,52,28,8,40,16,3,50,19,6,58,28,8,62,34,16
LANCASTER ISD,55,26,8,57,32,10,48,19,4,49,19,7,61,26,8,60,30,13
MESQUITE ISD,62,35,13,60,34,11,48,20,4,64,35,15,70,40,16,64,39,20
RICHARDSON ISD,68,44,22,68,47,22,58,32,11,66,41,21,72,48,23,76,54,34
SUNNYVALE ISD,86,61,32,87,67,36,77,49,17,85,53,26,86,65,33,90,66,43
COPPELL ISD,90,72,45,90,74,43,86,60,26,90,71,48,91,73,45,92,79,56
DAWSON ISD,63,28,10,74,40,19,62,19,0,61,27,7,57,16,3,11,0,0
KLONDIKE ISD,94,79,49,96,82,51,81,63,31,94,83,56,98,74,48,96,74,33
LAMESA ISD,52,23,6,52,27,8,32,8,0,54,19,5,58,27,8,52,25,5
SANDS CISD,84,52,22,87,52,17,64,25,0,83,51,26,85,65,32,94,63,37
HEREFORD ISD,70,39,14,69,40,14,54,24,5,73,42,17,75,35,10,75,46,21
WALCOTT ISD,67,24,8,69,26,13,61,11,0,66,31,9,74,5,0,,,
COOPER ISD,71,38,14,74,45,18,54,21,2,68,32,10,79,37,10,75,52,30
FANNINDEL ISD,46,21,7,50,21,7,43,14,5,38,14,5,42,27,4,64,36,23
NORTH TEXAS COLLEGIATE ACADEMY,62,34,16,67,37,17,55,24,4,61,33,18,58,31,15,67,44,23
LEADERSHIP PREP SCHOOL,81,53,27,84,60,32,86,51,21,77,48,25,80,50,20,76,47,25
TRIVIUM ACADEMY,82,58,32,83,64,39,82,51,16,83,56,36,81,54,20,70,46,20
DENTON ISD,69,42,18,71,46,19,61,32,9,67,37,16,71,43,17,74,49,28
LEWISVILLE ISD,77,54,27,78,57,27,70,43,13,76,49,26,81,57,30,83,62,38
PILOT POINT ISD,73,43,17,71,46,17,75,34,9,73,41,17,72,39,13,76,51,30
KRUM ISD,74,46,20,74,48,20,67,35,7,75,44,20,80,54,24,74,47,30
PONDER ISD,77,48,21,77,50,18,69,34,9,80,49,24,77,47,21,81,54,31
AUBREY ISD,80,53,23,80,55,23,76,46,11,78,51,25,82,53,21,87,66,39
SANGER ISD,73,45,19,74,50,19,64,34,8,72,39,16,76,45,16,83,59,37
ARGYLE ISD,90,70,38,90,70,36,80,51,17,92,72,41,94,75,40,93,78,55
NORTHWEST ISD,79,54,26,78,55,25,73,44,15,78,49,23,85,61,29,85,64,42
LAKE DALLAS ISD,69,39,14,71,43,14,55,24,5,67,34,13,71,39,14,76,55,28
LITTLE ELM ISD,69,41,17,69,44,17,57,27,6,68,37,17,75,47,21,73,46,24
CUERO ISD,71,41,17,69,45,17,65,35,10,68,35,15,73,43,16,85,53,33
NORDHEIM ISD,72,42,18,70,41,17,59,36,0,77,41,20,67,33,10,84,68,47
YOAKUM ISD,75,46,19,71,43,17,66,38,11,81,49,24,76,43,17,76,52,27
YORKTOWN ISD,60,33,13,58,34,10,50,20,0,58,32,13,66,32,11,67,47,30
WESTHOFF ISD,79,46,17,79,55,12,89,56,11,85,52,33,81,31,6,29,0,0
MEYERSVILLE ISD,81,50,25,81,50,31,70,30,9,80,57,26,96,58,27,80,30,10
SPUR ISD,77,50,18,80,59,23,78,43,4,79,42,17,65,45,16,73,50,16
PATTON SPRINGS ISD,71,46,14,65,44,18,62,38,0,73,50,11,83,44,6,75,50,25
CARRIZO SPRINGS CISD,49,22,8,52,28,9,35,15,2,45,17,7,50,16,4,55,34,16
CLARENDON ISD,79,52,23,79,56,23,69,37,10,80,50,27,82,57,29,78,47,15
HEDLEY ISD,78,49,21,84,59,21,48,10,5,81,58,28,84,37,16,78,44,33
RAMIREZ CSD,40,7,3,45,9,9,-1,-1,-1,36,9,0,40,0,0,,,
BENAVIDES ISD,55,22,6,66,35,11,50,19,0,38,11,4,64,15,2,61,22,6
SAN DIEGO ISD,59,29,10,59,32,10,50,18,2,59,29,10,64,32,12,60,28,14
FREER ISD,65,34,10,63,34,9,51,26,10,66,34,11,68,31,7,73,41,17
CISCO ISD,87,59,27,88,62,26,74,55,9,87,55,28,89,63,32,91,62,34
EASTLAND ISD,75,43,17,74,44,17,61,30,5,77,46,19,80,48,20,73,38,18
GORMAN ISD,70,35,12,69,39,11,77,27,10,69,33,13,69,36,13,70,30,12
RANGER ISD,54,25,7,57,29,8,63,27,6,48,18,5,49,22,6,63,31,16
RISING STAR ISD,67,40,10,76,46,16,63,33,4,62,36,7,62,35,5,69,46,8
COMPASS ACADEMY CHARTER SCHOOL,81,51,23,82,55,25,73,41,9,82,48,23,84,57,24,82,53,29
UTPB STEM ACADEMY,75,46,19,76,51,20,59,29,7,70,38,14,88,55,29,85,63,36
ECTOR COUNTY ISD,52,25,9,53,28,9,45,18,4,51,23,9,56,26,9,53,29,13
ROCKSPRINGS ISD,51,24,7,56,36,11,45,10,0,34,9,4,65,27,8,59,32,3
NUECES CANYON CISD,76,47,21,78,51,20,76,42,12,67,37,14,83,63,33,87,51,36
WAXAHACHIE FAITH FAMILY ACADEMY,41,16,4,42,20,5,34,9,1,43,14,4,41,13,3,39,19,5
AVALON ISD,68,36,12,69,40,14,45,19,2,74,36,11,64,36,13,70,40,20
ENNIS ISD,70,41,17,69,42,16,56,25,3,73,42,20,73,44,19,69,45,25
FERRIS ISD,62,31,11,61,32,9,49,18,5,63,29,11,68,38,12,65,38,19
ITALY ISD,68,36,13,68,40,12,58,24,7,66,30,13,69,34,14,79,54,23
MIDLOTHIAN ISD,80,53,25,79,55,24,71,36,10,81,54,27,85,57,28,81,57,36
MILFORD ISD,57,29,10,61,33,10,37,10,2,45,21,8,71,39,14,82,50,24
PALMER ISD,80,51,22,78,53,22,76,40,12,81,49,21,85,52,22,81,54,31
RED OAK ISD,68,40,17,65,39,14,53,23,6,70,41,19,76,46,18,79,54,32
WAXAHACHIE ISD,74,47,20,73,47,19,66,36,10,75,46,20,80,50,23,80,57,35
MAYPEARL ISD,74,43,18,71,43,19,60,33,10,74,39,16,82,47,17,84,58,36
BURNHAM WOOD CHARTER SCHOOL DISTRI,63,32,12,67,40,17,51,26,3,65,28,12,66,31,7,47,24,14
TRIUMPH PUBLIC HIGH SCHOOLS-EL PAS,69,38,11,53,35,5,,,,100,58,21,73,41,9,73,33,15
EL PASO ACADEMY,69,39,8,56,41,3,,,,48,20,4,80,40,6,93,43,18
HARMONY SCIENCE ACAD (EL PASO),62,33,12,65,37,14,47,21,5,58,27,9,66,38,14,70,41,21
LA FE PREPARATORY SCHOOL,42,19,8,58,30,15,45,14,0,37,17,7,0,0,0,,,
VISTA DEL FUTURO CHARTER SCHOOL,78,46,20,84,54,28,76,41,8,74,42,21,78,41,4,,,
EL PASO LEADERSHIP ACADEMY,49,15,5,48,19,10,38,10,0,53,12,2,72,28,8,27,6,0
CLINT ISD,47,23,7,49,26,6,33,11,2,41,14,4,54,27,7,62,40,20
EL PASO ISD,62,36,14,65,41,14,47,21,5,58,28,12,65,35,13,71,47,26
FABENS ISD,45,18,5,48,23,7,29,8,1,44,13,3,44,13,3,56,32,15
SAN ELIZARIO ISD,51,23,6,52,28,7,39,13,1,47,16,4,54,21,3,72,42,18
YSLETA ISD,63,35,13,65,39,12,53,24,6,60,28,11,69,38,13,71,47,25
ANTHONY ISD,53,24,7,54,30,10,35,13,2,49,16,5,61,25,4,72,37,12
CANUTILLO ISD,66,37,14,66,41,14,54,22,3,60,28,12,73,44,17,78,54,27
TORNILLO ISD,44,17,4,47,24,6,44,14,1,35,8,1,48,17,4,50,21,9
SOCORRO ISD,65,37,13,65,42,11,50,22,5,57,24,8,69,37,11,83,60,35
PREMIER HIGH SCHOOLS,64,37,10,55,38,4,-1,-1,-1,47,16,5,71,29,5,82,51,25
ERATH EXCELS ACADEMY INC,65,37,11,45,23,0,,,,50,8,8,88,38,13,100,92,33
THREE WAY ISD,69,28,10,75,41,13,59,15,4,61,13,7,79,33,10,67,30,15
DUBLIN ISD,84,55,22,84,55,19,69,31,7,87,57,25,89,62,28,83,59,31
STEPHENVILLE ISD,77,51,25,76,50,21,65,40,10,80,55,29,78,52,28,79,53,32
BLUFF DALE ISD,80,53,28,79,59,27,70,41,19,80,49,32,79,47,21,96,63,38
HUCKABAY ISD,83,51,21,86,55,26,92,58,8,77,43,18,91,56,17,77,50,27
LINGLEVILLE ISD,71,40,17,77,48,14,59,22,8,64,33,19,76,40,18,77,49,28
MORGAN MILL ISD,74,39,17,78,46,16,55,23,14,76,41,16,88,44,32,50,19,6
CHILTON ISD,70,33,10,77,45,14,61,20,1,59,22,5,77,30,9,74,43,17
MARLIN ISD,46,21,7,48,25,7,39,14,3,47,21,9,40,15,4,51,28,10
WESTPHALIA ISD,90,64,38,84,58,33,97,67,33,98,74,52,85,67,24,73,27,27
ROSEBUD-LOTT ISD,63,35,14,63,38,14,43,27,8,60,30,12,71,38,12,73,48,28
BONHAM ISD,67,38,15,63,38,14,56,23,7,66,38,16,80,48,17,77,40,18
DODD CITY ISD,82,56,26,80,59,24,77,49,14,82,54,30,89,59,25,88,53,35
ECTOR ISD,64,30,8,64,34,6,59,21,0,63,25,8,66,25,10,73,44,17
HONEY GROVE ISD,75,50,20,73,51,21,64,33,5,80,50,24,77,50,17,81,58,26
LEONARD ISD,71,40,14,70,47,20,60,26,3,74,37,11,75,41,13,68,33,16
SAVOY ISD,79,51,22,86,60,26,77,54,13,74,43,20,85,40,18,64,51,33
TRENTON ISD,73,41,14,75,47,17,65,28,7,65,29,9,78,47,15,91,60,25
SAM RAYBURN ISD,77,45,19,77,48,21,71,41,10,72,41,16,81,40,17,90,58,39
FLATONIA ISD,89,66,38,89,65,34,83,57,31,92,71,44,83,60,29,92,74,57
LA GRANGE ISD,73,46,19,70,44,16,68,37,10,71,44,19,78,49,22,84,60,37
SCHULENBURG ISD,72,44,18,68,42,14,53,25,6,77,46,21,77,49,22,78,49,24
FAYETTEVILLE ISD,80,49,23,86,54,23,79,50,21,73,41,18,81,56,30,77,46,37
ROUND TOP-CARMINE ISD,88,64,31,82,62,28,85,50,8,91,66,34,94,70,32,94,79,64
ROBY CISD,63,32,13,67,41,14,54,17,4,57,26,15,72,37,10,70,27,9
ROTAN ISD,79,47,18,80,50,17,61,29,10,80,44,18,84,53,10,80,60,52
FLOYDADA ISD,71,41,15,62,33,8,55,21,1,80,53,27,83,50,17,73,43,9
LOCKNEY ISD,63,28,7,59,32,8,53,21,1,64,27,9,70,25,3,74,29,9
CROWELL ISD,61,30,11,59,36,12,42,16,5,57,26,7,70,33,9,78,30,26
LAMAR CISD,78,53,26,78,56,26,69,41,14,78,50,26,80,55,27,81,61,40
NEEDVILLE ISD,85,56,25,83,57,25,77,42,11,86,55,25,89,64,29,87,61,33
FORT BEND ISD,75,51,26,77,57,27,68,40,14,72,45,25,76,50,24,81,60,38
STAFFORD MSD,59,32,10,62,38,11,46,19,3,54,21,7,65,37,14,68,42,17
MOUNT VERNON ISD,73,44,19,72,46,18,46,20,5,81,51,23,70,40,17,75,45,26
FAIRFIELD ISD,69,41,17,69,45,17,60,31,9,63,33,14,81,49,20,76,47,26
TEAGUE ISD,75,44,16,74,48,15,63,29,7,79,44,18,74,39,15,78,47,23
WORTHAM ISD,70,35,14,71,40,13,50,15,6,71,34,14,72,32,13,79,45,25
DEW ISD,75,48,24,77,46,25,61,52,6,77,47,23,70,52,33,80,53,40
DILLEY ISD,46,21,7,51,27,9,31,15,5,41,14,5,51,24,6,52,21,7
PEARSALL ISD,43,17,5,46,24,6,32,9,1,36,11,4,50,16,5,52,24,7
SEAGRAVES ISD,54,28,11,47,22,7,34,16,6,58,34,13,66,29,12,80,43,22
LOOP ISD,76,45,20,79,47,22,65,13,0,73,40,16,83,57,17,80,64,44
SEMINOLE ISD,75,47,23,70,44,18,64,34,10,80,52,31,81,49,21,80,55,33
ODYSSEY ACADEMY INC,52,24,9,56,28,13,53,23,4,47,16,7,55,29,7,61,32,11
AMBASSADORS PREPARATORY ACADEMY,46,15,6,52,23,13,57,20,3,36,9,1,39,9,4,56,0,0
DICKINSON ISD,70,42,17,69,42,16,59,28,7,71,40,16,75,47,21,78,52,29
GALVESTON ISD,62,37,15,65,43,16,59,31,8,60,34,16,61,31,10,63,36,19
HIGH ISLAND ISD,80,48,22,74,46,20,68,21,5,80,41,14,89,55,25,94,74,54
TEXAS CITY ISD,56,30,12,55,31,10,49,24,6,57,29,13,58,32,13,62,36,18
HITCHCOCK ISD,57,30,10,58,33,10,43,18,4,55,29,10,61,29,10,64,36,17
SANTA FE ISD,69,40,16,67,40,16,61,28,5,72,39,17,71,43,16,77,54,29
CLEAR CREEK ISD,78,53,26,79,57,26,71,40,12,76,48,24,82,58,30,83,62,40
FRIENDSWOOD ISD,88,66,36,87,68,35,83,55,20,88,64,37,92,74,44,86,66,45
POST ISD,64,35,12,68,38,12,52,21,6,65,36,13,66,28,7,58,38,21
SOUTHLAND ISD,57,25,10,60,38,14,50,5,0,58,19,10,62,19,5,47,27,20
DOSS CONSOLIDATED CSD,92,38,23,100,60,40,-1,-1,-1,80,20,20,-1,-1,-1,-1,-1,-1
FREDERICKSBURG ISD,74,49,22,73,50,21,62,31,7,72,45,22,80,54,24,85,64,42
HARPER ISD,82,54,27,81,57,27,75,49,13,84,53,29,79,50,22,86,59,37
GLASSCOCK COUNTY ISD,91,68,38,92,64,34,98,74,33,93,75,50,84,63,25,81,58,31
GOLIAD ISD,70,41,16,68,42,16,73,37,11,69,40,15,73,39,13,73,48,24
GONZALES ISD,60,33,13,61,36,12,42,16,3,62,33,14,65,32,12,63,40,20
NIXON-SMILEY CISD,69,43,17,65,42,17,61,36,7,64,39,17,77,43,15,92,66,36
WAELDER ISD,52,24,11,52,25,8,43,9,7,42,14,7,56,27,12,82,60,36
LEFORS ISD,53,27,9,53,29,8,38,8,4,49,26,10,71,45,16,65,24,12
MCLEAN ISD,76,48,19,71,46,16,58,32,5,80,53,26,87,47,13,75,57,29
PAMPA ISD,66,39,15,63,38,13,57,30,8,68,38,18,75,44,16,70,43,19
GRANDVIEW-HOPKINS ISD,73,35,13,74,42,21,60,60,0,80,30,10,-1,-1,-1,,,
BELLS ISD,86,61,30,82,58,26,76,46,16,90,65,35,92,69,31,84,64,40
COLLINSVILLE ISD,70,40,13,70,44,16,69,34,6,68,37,12,72,38,13,71,45,19
DENISON ISD,75,46,21,73,48,19,68,35,8,75,44,21,78,52,26,80,53,31
HOWE ISD,81,53,23,81,53,23,69,38,9,80,48,19,91,70,32,86,61,35
SHERMAN ISD,65,36,13,64,39,14,55,27,4,64,32,11,75,43,16,68,41,20
TIOGA ISD,79,48,18,80,52,21,65,25,5,78,44,17,83,51,14,95,73,39
VAN ALSTYNE ISD,87,64,34,86,64,30,82,50,14,87,63,33,93,75,54,89,72,43
WHITESBORO ISD,78,48,19,77,49,20,68,32,7,77,44,18,84,51,16,84,61,37
WHITEWRIGHT ISD,84,56,28,80,53,24,74,43,11,88,57,30,87,56,31,94,76,51
POTTSBORO ISD,76,46,19,76,52,22,71,35,11,73,39,16,83,45,17,84,58,33
S AND S CISD,72,44,17,69,43,17,67,32,11,68,38,14,82,59,21,90,57,29
GUNTER ISD,84,57,25,86,62,28,77,51,13,82,49,20,87,64,32,85,56,32
TOM BEAN ISD,77,47,19,78,47,18,69,35,10,76,47,21,82,46,14,78,52,32
EAST TEXAS CHARTER SCHOOLS,82,61,22,70,55,7,,,,86,48,19,96,63,30,94,81,55
GLADEWATER ISD,63,33,11,65,37,13,50,18,1,61,29,10,67,34,8,71,43,26
KILGORE ISD,67,38,15,66,40,15,54,26,5,66,33,14,77,46,19,76,49,25
LONGVIEW ISD,75,48,24,74,49,23,67,38,14,78,50,27,77,47,24,76,50,27
PINE TREE ISD,70,41,15,69,43,15,59,27,4,74,42,16,71,39,14,74,48,25
SABINE ISD,80,50,22,81,51,23,79,42,12,77,46,20,82,52,22,86,64,40
SPRING HILL ISD,84,58,29,84,61,28,80,53,16,86,57,30,83,57,30,84,61,39
WHITE OAK ISD,78,50,21,79,53,25,63,29,8,80,52,21,77,46,15,80,53,29
ANDERSON-SHIRO CISD,82,55,24,81,56,24,82,36,8,84,58,29,83,57,23,84,53,28
IOLA ISD,77,53,26,79,56,26,68,44,14,78,51,28,81,54,17,76,61,40
NAVASOTA ISD,63,33,12,61,33,11,48,17,3,65,32,13,71,42,14,70,41,17
RICHARDS ISD,65,37,16,72,47,21,73,45,18,64,30,14,40,9,3,67,52,24
SEGUIN ISD,57,31,12,57,33,11,42,18,6,55,26,10,64,34,12,67,43,23
SCHERTZ-CIBOLO-U CITY ISD,78,52,23,77,52,20,63,30,6,79,50,23,83,60,31,87,65,43
NAVARRO ISD,78,51,22,80,54,22,67,31,8,80,49,23,83,56,26,70,51,30
MARION ISD,76,48,20,74,49,19,56,27,6,74,45,19,86,53,21,87,61,34
ABERNATHY ISD,77,49,21,74,49,18,62,34,14,79,49,24,84,56,23,80,54,28
COTTON CENTER ISD,77,54,27,80,61,31,80,40,40,68,45,20,78,48,22,87,67,33
HALE CENTER ISD,67,36,12,72,42,13,63,25,2,60,29,12,62,30,5,80,48,24
PETERSBURG ISD,79,48,17,76,45,15,66,29,0,87,58,23,85,51,11,71,38,26
PLAINVIEW ISD,67,40,16,65,39,14,55,25,4,71,41,18,71,42,17,68,44,24
MEMPHIS ISD,67,35,12,68,38,13,64,28,6,66,34,11,67,33,9,72,36,21
TURKEY-QUITAQUE ISD,85,56,28,89,70,28,70,43,17,87,52,32,85,50,33,79,41,18
HAMILTON ISD,79,53,26,77,54,26,70,47,12,81,51,27,85,60,29,85,58,31
HICO ISD,83,51,17,86,56,23,77,55,6,80,43,12,79,52,14,93,58,28
GRUVER ISD,94,72,39,92,66,31,89,51,16,100,83,53,92,74,39,93,73,48
PRINGLE-MORSE CISD,71,41,19,63,37,13,52,24,10,87,46,25,64,43,21,83,58,25
SPEARMAN ISD,85,62,31,81,59,28,75,41,9,86,63,37,93,72,35,93,76,39
CHILLICOTHE ISD,67,44,18,62,44,16,48,39,6,68,32,14,82,66,29,91,73,50
QUANAH ISD,74,43,18,72,40,16,52,18,5,75,44,20,71,45,13,89,61,33
KOUNTZE ISD,64,35,12,64,38,14,65,30,7,67,36,15,58,31,8,68,34,12
SILSBEE ISD,63,33,13,65,38,14,55,24,7,60,25,8,66,36,13,73,50,28
HARDIN-JEFFERSON ISD,81,54,25,79,52,22,78,47,16,82,55,26,83,58,32,82,59,38
LUMBERTON ISD,78,51,24,77,53,23,69,38,11,78,48,23,82,56,24,82,60,38
WEST HARDIN COUNTY CISD,61,30,7,63,36,10,73,31,3,56,21,4,58,24,2,63,39,18
SER-NINOS CHARTER SCHOOL,61,28,10,67,34,14,47,17,3,62,29,9,56,23,7,49,16,3
ARISTOI CLASSICAL ACADEMY,82,54,24,85,61,33,74,44,6,80,51,22,85,53,21,76,44,20
GEORGE I SANCHEZ CHARTER,39,14,3,41,19,4,31,6,0,32,7,2,44,10,2,45,23,8
RAUL YZAGUIRRE SCHOOLS FOR SUCCESS,54,24,7,60,32,10,53,20,3,47,16,5,51,16,4,62,33,17
UNIVERSITY OF HOUSTON CHARTER SCHO,84,48,28,87,57,40,88,63,25,87,47,27,71,21,7,,,
ACADEMY OF ACCELERATED LEARNING IN,48,22,9,53,26,12,41,17,2,47,21,11,40,20,1,,,
EXCEL ACADEMY,-1,-1,-1,-1,-1,-1,,,,-1,-1,-1,-1,-1,-1,,,
THE VARNETT PUBLIC SCHOOL,45,18,6,51,25,9,42,16,3,40,16,5,43,11,3,37,8,3
ALIEF MONTESSORI COMMUNITY SCHOOL,78,40,20,84,51,29,74,26,5,75,41,17,78,28,17,60,10,0
AMIGOS POR VIDA-FRIENDS FOR LIFE P,83,55,29,83,52,24,78,39,11,87,65,40,78,62,38,80,41,20
HOUSTON HEIGHTS HIGH SCHOOL,56,28,9,44,23,3,,,,55,15,5,43,19,0,78,43,22
HOUSTON GATEWAY ACADEMY INC,89,64,31,90,68,30,88,56,17,89,67,39,85,53,21,85,61,33
CALVIN NELMS CHARTER SCHOOLS,89,65,28,94,74,33,95,54,11,79,45,21,91,77,31,93,81,45
SOUTHWEST SCHOOL,37,14,3,41,17,4,29,6,0,37,13,4,36,9,1,37,17,6
TWO DIMENSIONS PREPARATORY ACADEMY,40,15,6,54,23,11,31,10,3,33,9,2,24,14,3,,,
COMQUEST ACADEMY,49,24,5,57,38,5,-1,-1,-1,33,7,0,44,11,0,63,38,25
YES PREP PUBLIC SCHOOLS INC,62,33,11,63,37,10,56,25,5,59,28,11,68,39,15,61,31,12
HARMONY SCIENCE ACADEMY,62,34,13,66,39,12,52,26,7,58,27,11,64,34,14,70,45,28
BEATRICE MAYES INSTITUTE CHARTER S,69,33,13,77,43,20,89,47,19,62,24,5,47,18,6,50,25,13
ACCELERATED INTERMEDIATE ACADEMY,58,33,16,62,37,16,55,42,13,54,28,19,59,24,0,,,
PROMISE COMMUNITY SCHOOL,42,16,6,48,20,8,25,6,1,42,16,5,43,19,6,22,4,0
MEYERPARK ELEMENTARY,53,24,9,60,34,16,48,17,0,43,18,7,65,15,0,,,
DRAW ACADEMY,35,11,4,44,17,6,36,11,2,31,8,3,33,8,2,14,4,2
HARMONY SCHOOL OF EXCELLENCE,65,37,16,69,43,18,57,25,6,60,32,14,66,37,16,69,44,26
STEP CHARTER SCHOOL,64,30,13,69,40,17,69,20,5,57,25,12,72,30,15,33,17,0
THE RHODES SCHOOL,51,22,9,59,27,14,42,20,0,47,20,8,44,15,6,67,33,0
HARMONY SCHOOL OF SCIENCE - HOUSTO,79,54,27,80,58,27,70,42,14,76,51,27,82,55,27,83,63,37
THE LAWSON ACADEMY,33,10,3,48,16,6,38,10,0,28,8,1,21,9,3,12,0,0
THE PRO-VISION ACADEMY,22,7,1,34,15,2,17,0,0,5,0,0,24,5,0,23,7,2
BETA ACADEMY,83,50,21,88,60,30,80,42,9,76,40,17,90,58,19,81,40,17
A+ UNLIMITED POTENTIAL,54,26,12,66,40,17,62,30,14,45,19,11,47,20,8,45,14,6
ETOILE ACADEMY CHARTER SCHOOL,58,26,12,59,32,18,69,26,14,57,23,7,43,8,3,,,
YELLOWSTONE COLLEGE PREPARATORY,41,14,3,49,24,8,45,10,0,38,9,2,40,14,0,22,2,0
LEGACY SCHOOL OF SPORT SCIENCES,57,25,5,64,39,8,79,45,0,38,3,1,62,18,2,55,27,10
BLOOM ACADEMY CHARTER SCHOOL,,,,,,,,,,,,,,,,,,
REVE PREPARATORY CHARTER SCHOOL,,,,,,,,,,,,,,,,,,
HOUSTON CLASSICAL CHARTER SCHOOL,,,,,,,,,,,,,,,,,,
ALDINE ISD,47,20,6,49,24,6,32,9,1,44,16,5,50,21,6,56,29,12
ALIEF ISD,55,29,10,55,32,10,45,19,4,52,24,9,57,30,11,67,44,22
CHANNELVIEW ISD,58,29,10,58,31,9,48,18,3,60,28,11,62,30,9,56,29,12
CROSBY ISD,69,40,15,70,42,16,60,28,5,72,39,15,71,41,16,67,42,21
CYPRESS-FAIRBANKS ISD,77,52,26,79,56,25,67,36,11,74,46,23,83,59,31,83,62,41
DEER PARK ISD,78,51,23,76,50,20,62,31,7,80,51,24,85,62,34,84,60,35
GALENA PARK ISD,62,33,12,63,36,11,51,22,5,63,33,14,66,35,12,62,35,16
GOOSE CREEK CISD,65,38,16,63,38,13,53,24,6,67,38,17,73,45,20,70,45,25
HOUSTON ISD,57,33,15,60,38,16,48,23,8,53,27,13,59,33,14,66,42,23
HUMBLE ISD,71,45,20,72,47,19,61,31,9,69,39,17,76,49,23,81,58,36
KATY ISD,86,65,37,86,66,36,79,52,21,85,62,36,88,69,42,89,72,52
KLEIN ISD,74,47,22,74,50,21,65,36,11,73,42,19,78,52,26,78,55,36
LA PORTE ISD,75,44,18,73,45,17,68,31,8,75,42,17,82,50,21,82,52,30
PASADENA ISD,61,33,12,61,35,12,50,20,4,61,30,11,65,35,12,69,42,21
SPRING ISD,51,25,8,52,28,9,43,17,3,48,20,7,54,25,9,58,34,16
SPRING BRANCH ISD,71,48,25,70,48,23,61,37,14,73,48,27,74,51,26,75,54,35
TOMBALL ISD,87,65,36,85,65,34,82,56,21,88,67,40,89,68,37,88,69,49
SHELDON ISD,50,23,7,52,27,8,38,12,2,48,19,7,54,23,6,56,30,12
HUFFMAN ISD,67,37,14,66,39,14,57,22,5,66,32,12,74,48,22,70,43,23
KARNACK ISD,60,25,10,61,30,13,65,19,8,59,27,9,56,16,8,60,0,0
MARSHALL ISD,57,31,11,54,31,10,49,21,3,59,29,12,65,36,14,62,37,18
WASKOM ISD,77,43,16,76,47,16,68,32,4,78,39,14,76,44,16,81,53,33
HALLSVILLE ISD,66,40,16,68,43,15,62,30,10,59,33,16,72,41,16,75,51,26
HARLETON ISD,88,61,28,85,61,29,93,65,28,89,57,29,88,65,27,88,59,28
ELYSIAN FIELDS ISD,84,53,21,83,56,23,77,37,9,87,53,21,86,50,19,90,60,25
CHANNING ISD,72,45,23,66,43,23,79,41,17,73,42,23,76,52,17,88,69,50
HARTLEY ISD,86,59,28,84,53,23,86,49,11,89,67,42,84,62,22,86,57,29
HASKELL CISD,68,37,13,70,40,15,59,26,1,65,32,10,64,33,5,79,60,38
RULE ISD,56,25,8,63,26,9,47,26,5,56,28,9,37,7,7,65,41,0
PAINT CREEK ISD,77,46,20,70,33,11,72,33,11,84,58,32,81,52,14,83,67,33
KATHERINE ANNE PORTER SCHOOL,75,46,21,68,45,10,,,,71,14,7,-1,-1,-1,94,76,53
TEXAS PREPARATORY SCHOOL,51,23,9,59,31,18,50,10,0,43,22,6,47,12,0,,,
KI CHARTER ACADEMY,,,,,,,,,,,,,,,,,,
SAN MARCOS CISD,54,29,11,57,33,11,44,18,4,46,19,7,62,34,13,66,42,21
DRIPPING SPRINGS ISD,85,60,30,85,64,30,74,45,15,83,55,27,89,66,36,91,69,46
WIMBERLEY ISD,80,56,27,82,63,31,73,43,14,79,50,26,84,64,33,73,41,17
HAYS CISD,68,41,17,68,43,17,59,29,7,67,36,16,72,44,19,72,48,27
CANADIAN ISD,77,48,19,78,52,21,63,23,3,75,45,20,84,54,18,81,55,28
ATHENS ISD,64,35,14,66,37,13,53,25,7,65,35,15,70,38,14,59,30,13
BROWNSBORO ISD,77,45,18,75,49,19,66,31,6,79,43,18,79,47,18,82,52,26
CROSS ROADS ISD,82,56,25,78,52,19,64,32,3,89,66,33,90,63,37,79,52,27
EUSTACE ISD,77,43,16,79,47,16,68,35,4,70,33,12,88,56,23,86,56,35
MALAKOFF ISD,84,54,23,83,57,25,80,41,8,83,50,21,88,63,27,89,60,33
TRINIDAD ISD,53,25,8,57,27,8,64,7,0,40,19,6,55,24,0,67,52,29
MURCHISON ISD,70,35,13,70,34,11,68,36,4,68,37,15,77,33,23,67,42,8
LAPOYNOR ISD,78,43,14,83,49,15,61,29,7,72,38,13,79,42,9,89,51,31
HORIZON MONTESSORI PUBLIC SCHOOLS,60,30,11,69,40,16,53,18,2,52,23,7,58,32,14,77,37,13
TRIUMPH PUBLIC HIGH SCHOOLS-RIO GR,52,22,4,38,17,0,,,,49,11,0,62,19,2,73,37,12
IDEA PUBLIC SCHOOLS,66,36,14,71,44,17,56,26,6,61,29,12,73,40,14,67,38,20
VANGUARD ACADEMY,60,31,12,69,42,17,57,27,7,49,19,6,59,29,11,65,34,18
EXCELLENCE IN LEADERSHIP ACADEMY,47,17,6,53,24,12,29,0,0,45,17,2,53,13,8,55,36,18
DONNA ISD,41,19,6,43,22,5,31,10,2,35,11,4,46,18,5,62,37,17
EDCOUCH-ELSA ISD,43,19,5,47,25,5,20,7,1,32,9,3,50,18,5,68,36,12
EDINBURG CISD,58,30,11,63,37,13,50,22,5,51,21,8,61,30,10,64,38,19
HIDALGO ISD,57,33,10,52,34,5,44,19,3,55,26,14,60,27,6,75,49,21
MCALLEN ISD,70,44,19,72,49,19,55,29,10,65,35,16,73,45,19,81,58,33
MERCEDES ISD,49,21,6,51,25,5,32,10,3,39,13,5,52,21,5,70,41,15
MISSION CISD,49,24,7,55,32,9,37,14,2,41,15,5,50,21,5,59,33,15
PHARR-SAN JUAN-ALAMO ISD,52,28,10,57,34,10,39,16,4,44,19,8,54,26,8,67,41,19
PROGRESO ISD,49,21,7,52,27,9,46,13,4,42,13,5,57,26,8,54,25,8
SHARYLAND ISD,70,43,18,73,49,18,62,32,8,64,35,17,73,45,17,77,53,30
LA JOYA ISD,50,25,8,54,31,10,36,13,4,45,18,7,53,24,8,57,33,14
WESLACO ISD,56,30,9,58,35,8,42,16,3,52,24,10,65,35,12,67,42,19
LA VILLA ISD,44,19,3,51,25,5,30,10,0,33,10,2,43,17,1,59,33,8
MONTE ALTO ISD,45,20,6,48,27,9,41,16,1,42,16,5,46,14,4,47,20,10
VALLEY VIEW ISD,62,36,12,62,41,11,62,37,12,57,24,8,65,37,12,72,44,22
ABBOTT ISD,85,58,27,85,62,28,66,34,0,89,64,34,91,54,25,76,50,24
BYNUM ISD,78,46,19,79,50,24,66,24,3,84,49,20,79,53,17,68,36,7
COVINGTON ISD,67,34,10,70,43,11,48,20,2,70,31,11,72,36,9,62,27,11
HILLSBORO ISD,73,43,19,71,41,16,55,25,6,76,46,23,79,44,16,83,60,35
HUBBARD ISD,68,37,16,73,49,22,63,33,8,65,28,12,63,29,13,67,36,21
ITASCA ISD,63,31,8,65,37,9,56,14,1,56,23,6,69,33,11,80,54,14
MALONE ISD,58,31,12,61,31,14,47,21,11,59,30,9,52,35,13,67,44,11
MOUNT CALM ISD,62,26,7,60,21,2,40,8,0,68,35,12,67,23,10,67,38,14
WHITNEY ISD,71,41,16,73,43,16,53,19,1,73,43,20,74,41,15,67,42,19
AQUILLA ISD,83,54,25,82,58,29,76,49,18,85,52,22,82,51,18,87,51,33
BLUM ISD,77,47,16,77,56,17,65,31,6,80,44,18,82,41,12,69,49,24
PENELOPE ISD,71,39,13,68,43,12,71,21,4,71,38,16,79,35,10,73,50,23
ANTON ISD,52,20,5,59,23,3,38,8,0,39,8,1,65,28,2,56,44,28
LEVELLAND ISD,65,35,13,62,34,11,52,19,4,66,34,12,74,42,17,75,47,24
ROPES ISD,82,56,24,83,63,27,68,34,6,86,55,24,85,57,24,74,48,28
SMYER ISD,79,46,18,76,49,19,73,31,4,85,49,19,80,44,14,75,43,26
SUNDOWN ISD,89,60,27,89,60,27,79,44,11,95,69,33,87,52,17,86,61,37
WHITHARRAL ISD,85,56,25,85,55,22,74,48,22,83,55,24,95,64,38,92,54,25
LAKE GRANBURY ACADEMY CHARTER SCHO,,,,,,,,,,,,,,,,,,
GRANBURY ISD,74,48,22,73,47,20,61,35,11,76,48,22,81,56,27,81,58,38
LIPAN ISD,79,50,20,78,51,20,71,41,13,79,48,19,87,54,22,84,61,27
TOLAR ISD,82,55,23,80,54,21,71,37,8,84,55,24,88,65,30,91,60,36
SULPHUR SPRINGS ISD,71,45,21,67,42,18,57,28,6,74,47,23,78,53,26,77,53,33
CUMBY ISD,69,35,14,68,40,18,65,27,2,63,25,9,80,43,14,81,39,23
NORTH HOPKINS ISD,72,46,19,73,51,20,64,35,3,75,45,22,67,41,12,76,45,29
MILLER GROVE ISD,77,40,14,85,52,24,56,16,7,77,37,9,75,38,7,75,28,9
COMO-PICKTON CISD,73,41,16,72,43,14,58,24,7,73,41,17,82,45,14,74,49,30
SALTILLO ISD,71,41,15,73,44,16,58,20,5,73,41,17,76,47,12,66,46,23
SULPHUR BLUFF ISD,79,46,14,79,51,16,79,46,7,79,39,11,84,46,8,75,47,31
CROCKETT ISD,53,28,9,54,30,9,42,20,3,50,22,7,59,33,14,65,39,18
GRAPELAND ISD,65,34,12,65,39,15,41,13,3,67,29,9,74,39,16,70,40,16
LOVELADY ISD,85,51,21,88,58,24,81,41,12,82,42,16,88,58,23,90,58,31
LATEXO ISD,74,45,17,76,51,21,64,28,8,73,39,13,81,56,23,71,33,12
KENNARD ISD,66,37,14,68,37,15,48,24,0,69,37,13,73,42,27,59,38,14
BIG SPRING ISD,59,31,11,58,33,11,42,18,4,62,30,12,63,34,13,58,33,16
COAHOMA ISD,62,30,11,62,34,13,63,33,11,64,26,9,56,23,7,64,33,12
FORSAN ISD,79,48,18,77,50,20,80,41,7,78,41,14,84,58,19,84,54,30
FT HANCOCK ISD,57,28,9,63,36,12,45,9,0,46,17,2,55,29,8,78,48,31
SIERRA BLANCA ISD,63,26,8,57,26,10,54,15,0,63,15,6,73,39,9,76,41,12
DELL CITY ISD,60,42,22,62,41,21,50,38,25,44,39,22,79,42,16,86,71,43
CADDO MILLS ISD,86,59,27,85,62,26,80,47,15,88,61,28,87,58,29,85,60,33
CELESTE ISD,72,45,19,69,50,19,54,30,5,75,43,24,72,45,14,82,51,25
COMMERCE ISD,58,32,13,58,38,14,47,21,4,53,24,10,70,39,18,64,35,17
GREENVILLE ISD,50,26,10,50,29,9,48,23,5,46,20,8,55,26,11,63,36,18
LONE OAK ISD,73,45,18,74,48,19,54,26,12,74,45,16,75,44,17,82,52,30
QUINLAN ISD,60,34,12,61,37,13,44,19,5,57,28,10,67,40,16,71,44,21
WOLFE CITY ISD,80,50,20,79,51,19,76,39,6,79,47,22,85,54,23,83,58,26
CAMPBELL ISD,50,25,6,49,29,8,46,27,0,45,18,4,49,19,2,68,34,13
BLAND ISD,80,51,21,78,52,19,72,34,9,83,51,24,85,57,22,75,49,31
BOLES ISD,72,41,14,71,48,16,61,17,1,77,37,13,74,47,17,67,34,16
BORGER ISD,72,43,18,71,43,18,52,23,7,77,44,18,81,53,24,69,44,23
SANFORD-FRITCH ISD,72,44,17,70,46,16,54,29,6,70,37,16,82,50,20,87,61,29
PLEMONS-STINNETT-PHILLIPS CISD,74,41,16,76,46,19,62,31,10,72,39,15,81,44,14,74,35,16
SPRING CREEK ISD,72,34,10,77,39,15,85,46,0,64,23,5,69,38,13,79,50,21
IRION COUNTY ISD,84,57,26,86,65,31,73,49,18,80,53,24,89,45,16,88,65,35
BRYSON ISD,77,54,24,78,61,22,51,23,3,76,48,24,96,76,39,81,53,33
JACKSBORO ISD,72,45,20,69,43,18,69,41,15,73,43,19,76,53,24,76,51,29
PERRIN-WHITT CISD,75,41,15,77,46,15,63,31,6,75,33,13,72,41,11,92,67,38
EDNA ISD,74,44,17,71,40,14,65,33,6,75,46,20,84,52,22,82,52,28
GANADO ISD,73,40,15,71,42,14,57,20,1,76,44,19,79,40,12,76,43,26
INDUSTRIAL ISD,87,61,28,87,61,27,78,44,12,88,60,32,94,76,36,79,51,28
BROOKELAND ISD,81,53,23,79,55,19,63,39,10,80,39,15,90,76,46,96,78,51
BUNA ISD,73,44,17,75,49,19,60,35,9,74,40,16,75,39,11,74,51,29
JASPER ISD,54,26,8,53,30,8,45,17,4,52,22,7,55,24,6,64,33,11
KIRBYVILLE CISD,75,46,19,72,46,17,63,34,10,82,50,22,77,50,16,73,43,28
EVADALE ISD,62,32,9,64,36,7,44,19,6,61,28,10,74,39,13,53,32,12
FT DAVIS ISD,59,30,13,60,30,13,52,15,6,56,25,6,65,40,19,58,37,29
VALENTINE ISD,80,49,12,78,50,22,-1,-1,-1,88,63,6,86,43,0,80,40,20
TEKOA ACADEMY OF ACCELERATED STUDI,26,11,3,32,17,4,34,11,3,13,0,0,28,11,2,30,19,8
EHRHART SCHOOL,74,38,16,78,42,21,67,27,6,69,33,13,78,51,21,91,33,12
BOB HOPE SCHOOL,66,34,11,66,39,12,57,23,5,64,27,9,70,37,10,78,47,20
NEDERLAND ISD,80,53,26,80,55,26,77,41,13,80,51,25,81,56,31,83,60,36
PORT ARTHUR ISD,44,19,6,48,24,7,38,13,3,40,15,5,45,17,4,47,25,12
PORT NECHES-GROVES ISD,77,46,17,76,49,19,72,38,12,77,43,15,82,49,18,74,46,24
BEAUMONT ISD,42,20,6,45,24,7,33,12,2,36,15,5,45,19,6,51,28,14
SABINE PASS ISD,82,50,20,85,55,23,79,52,12,78,37,12,81,50,21,87,66,38
HAMSHIRE-FANNETT ISD,72,40,16,76,49,18,66,33,14,69,32,12,76,42,14,66,37,23
JIM HOGG COUNTY ISD,59,31,10,61,34,11,48,16,1,59,31,12,56,29,6,63,35,14
ALICE ISD,44,19,6,51,25,8,41,15,3,39,13,4,43,18,5,44,17,6
BEN BOLT-PALITO BLANCO ISD,60,27,8,65,37,11,50,12,2,58,22,7,63,19,1,54,27,14
ORANGE GROVE ISD,75,49,24,76,51,21,66,37,11,77,49,27,76,49,27,72,53,31
PREMONT ISD,53,28,10,53,33,9,47,26,4,46,18,7,62,29,9,70,44,27
LA GLORIA ISD,59,27,11,71,41,18,40,7,0,58,24,10,36,9,0,,,
ALVARADO ISD,70,41,16,68,41,14,52,22,2,74,42,18,72,43,19,75,53,32
BURLESON ISD,74,47,20,75,51,21,65,33,7,72,42,20,79,52,22,78,51,27
CLEBURNE ISD,64,35,13,61,35,12,55,23,4,65,35,14,67,39,15,69,41,21
GRANDVIEW ISD,88,61,28,87,60,25,79,41,18,90,63,30,94,72,34,93,68,38
JOSHUA ISD,79,53,24,77,52,22,72,41,11,82,53,26,82,57,28,79,58,34
KEENE ISD,72,44,16,69,45,15,61,32,4,71,38,14,78,50,19,83,61,37
RIO VISTA ISD,63,32,11,63,34,8,55,25,7,64,32,15,60,27,6,71,41,22
VENUS ISD,62,32,11,61,35,10,44,13,3,60,26,9,73,40,12,68,40,20
GODLEY ISD,70,38,15,70,41,15,58,25,5,68,35,14,77,42,16,72,45,22
ANSON ISD,68,34,13,67,41,14,50,20,1,68,28,12,75,37,14,73,38,22
HAMLIN COLLEGIATE ISD,63,30,11,64,34,12,54,20,7,59,26,10,71,31,8,75,38,25
HAWLEY ISD,65,33,10,64,32,8,57,19,4,63,28,8,78,47,12,62,42,25
LUEDERS-AVOCA ISD,77,42,15,77,50,21,45,18,0,84,39,12,70,40,5,82,41,24
STAMFORD ISD,80,51,21,79,51,17,69,39,10,83,52,24,83,50,21,77,59,34
KARNES CITY ISD,63,34,13,62,36,13,57,26,4,60,28,12,72,39,17,73,41,23
KENEDY ISD,59,28,8,59,30,9,53,17,1,56,25,7,64,28,9,66,34,12
RUNGE ISD,53,21,7,48,21,5,30,12,0,50,17,7,58,23,4,86,44,22
FALLS CITY ISD,93,73,41,93,75,37,87,53,13,96,82,56,91,68,35,87,63,40
CRANDALL ISD,70,41,16,72,45,17,58,28,9,69,37,17,73,42,16,75,45,21
FORNEY ISD,71,44,19,71,47,19,64,34,9,71,42,20,76,47,21,70,47,23
KAUFMAN ISD,70,41,18,67,42,17,64,29,7,71,39,19,76,43,18,78,51,28
KEMP ISD,63,34,13,57,31,11,51,17,4,66,35,14,67,35,10,72,52,29
MABANK ISD,74,47,21,71,46,18,65,32,8,77,49,25,80,50,23,76,50,29
TERRELL ISD,55,29,10,56,32,10,39,14,3,54,26,10,63,34,13,58,31,15
SCURRY-ROSSER ISD,81,51,22,79,51,20,65,32,7,85,52,24,86,50,19,80,64,43
MEADOWLAND CHARTER DISTRICT,73,40,0,100,83,0,,,,-1,-1,-1,-1,-1,-1,-1,-1,-1
BOERNE ISD,85,62,33,85,64,33,78,46,15,86,60,32,89,69,38,86,65,43
COMFORT ISD,67,38,13,72,42,14,52,26,4,61,28,10,78,49,20,72,46,17
KENEDY COUNTY WIDE CSD,89,59,22,93,57,29,75,50,8,86,60,17,100,73,36,,,
JAYTON-GIRARD ISD,86,57,23,91,66,25,83,55,24,78,48,22,91,63,28,90,50,15
CENTER POINT ISD,72,42,17,75,49,19,52,18,2,70,37,16,82,43,16,77,50,31
HUNT ISD,85,57,31,87,55,38,66,28,7,88,63,32,93,72,38,70,40,10
KERRVILLE ISD,78,51,24,77,54,25,66,36,11,78,45,23,84,60,27,84,62,37
INGRAM ISD,81,52,21,79,51,18,63,21,3,88,61,28,84,57,21,78,51,22
DIVIDE ISD,92,38,38,80,60,60,-1,-1,-1,100,40,40,-1,-1,-1,,,
JUNCTION ISD,62,33,12,65,37,11,53,20,0,61,27,8,63,38,19,61,39,27
GUTHRIE CSD,92,60,27,96,63,25,85,42,19,88,55,28,95,67,10,100,87,67
BRACKETT ISD,76,44,19,82,55,23,76,43,13,69,34,15,73,30,12,85,55,39
KINGSVILLE ISD,44,20,6,46,24,7,35,12,2,38,13,6,49,19,5,56,30,13
RICARDO ISD,77,46,24,79,51,26,68,32,9,72,37,18,84,57,35,92,71,55
RIVIERA ISD,74,45,18,73,50,20,70,45,11,75,40,16,75,46,15,72,43,20
SANTA GERTRUDIS ISD,87,61,26,89,69,30,85,52,23,86,58,22,89,56,26,85,53,23
KNOX CITY-O'BRIEN CISD,79,48,18,70,43,16,73,33,7,86,60,26,86,45,18,83,42,14
MUNDAY CISD,75,44,19,74,45,17,71,37,10,74,43,23,81,49,16,74,49,26
BENJAMIN ISD,75,46,23,77,52,30,47,24,0,74,49,23,88,41,15,70,39,22
CHISUM ISD,82,54,24,82,59,27,71,38,16,81,49,22,87,57,18,88,61,35
PARIS ISD,65,38,17,65,41,16,53,24,10,66,37,18,68,37,17,68,44,22
NORTH LAMAR ISD,74,46,20,71,47,19,64,34,11,76,43,19,77,51,22,79,56,33
PRAIRILAND ISD,79,50,19,81,53,18,60,35,6,83,53,23,84,49,18,73,45,24
AMHERST ISD,52,25,5,67,31,3,33,17,0,37,21,5,52,26,7,58,26,16
LITTLEFIELD ISD,67,37,14,69,40,12,51,22,2,66,35,14,76,41,16,68,43,25
OLTON ISD,70,38,15,72,43,15,47,21,3,75,36,15,70,39,16,68,38,18
SPRINGLAKE-EARTH ISD,78,49,22,78,51,21,64,27,4,81,48,22,82,52,33,77,60,26
SUDAN ISD,77,50,24,78,54,25,60,31,11,80,53,26,80,49,23,79,49,30
LAMPASAS ISD,74,47,20,73,48,19,61,32,10,75,43,18,80,56,23,82,63,37
LOMETA ISD,55,30,14,58,33,13,44,18,6,57,33,19,48,20,11,59,41,21
COTULLA ISD,62,32,11,63,36,11,57,20,5,59,30,12,64,26,8,67,40,17
HALLETTSVILLE ISD,78,49,20,78,50,18,69,30,4,83,53,24,77,47,19,78,52,27
MOULTON ISD,83,58,31,82,58,31,89,52,14,85,65,38,76,38,15,88,71,45
SHINER ISD,90,72,40,89,71,37,87,67,27,92,72,45,89,75,43,90,70,40
VYSEHRAD ISD,88,57,28,85,44,27,80,35,5,93,73,35,92,83,33,100,60,40
SWEET HOME ISD,88,54,26,87,56,23,85,44,7,91,52,28,86,57,39,93,57,36
EZZELL ISD,84,59,32,79,52,29,100,55,9,90,71,40,72,44,28,-1,-1,-1
GIDDINGS ISD,74,48,22,75,50,18,55,23,6,73,45,23,78,52,25,87,63,40
LEXINGTON ISD,77,50,21,76,50,21,68,43,9,81,52,23,73,45,17,78,54,30
DIME BOX ISD,66,35,13,63,37,13,52,35,13,67,33,11,71,29,8,80,44,24
BUFFALO ISD,78,49,19,77,49,17,80,40,7,80,49,20,75,44,16,84,63,37
CENTERVILLE ISD,78,48,17,78,55,24,68,45,6,77,39,12,80,42,10,85,56,30
NORMANGEE ISD,74,46,19,72,48,21,59,33,6,75,43,14,84,48,23,72,54,30
OAKWOOD ISD,67,29,7,69,38,7,35,4,0,64,22,8,78,15,0,87,65,17
LEON ISD,81,55,24,77,50,20,74,50,22,86,59,28,90,62,23,74,48,30
CLEVELAND ISD,55,26,9,54,27,9,39,14,2,57,25,9,56,27,9,63,36,20
DAYTON ISD,63,35,13,63,37,13,46,18,3,67,35,13,66,37,13,65,41,19
DEVERS ISD,97,79,48,98,80,48,95,73,43,96,84,52,100,71,46,92,67,33
HARDIN ISD,71,43,18,71,47,18,52,25,2,71,40,22,79,46,18,77,46,24
HULL-DAISETTA ISD,54,26,8,57,34,10,45,24,3,46,15,4,68,27,8,62,32,15
LIBERTY ISD,71,39,14,71,44,16,55,23,4,70,35,13,79,45,14,74,43,24
TARKINGTON ISD,72,43,17,67,40,13,67,29,7,76,45,18,75,42,18,77,56,33
COOLIDGE ISD,69,34,11,70,37,12,52,14,0,70,34,14,71,41,11,75,34,3
GROESBECK ISD,59,31,11,57,33,12,49,19,3,59,28,9,65,33,12,73,47,24
MEXIA ISD,56,29,9,60,35,11,39,14,3,50,22,8,61,31,6,67,45,20
BOOKER ISD,84,55,24,85,55,19,72,47,13,92,66,36,81,42,16,74,43,26
FOLLETT ISD,78,46,20,77,52,22,68,23,5,77,39,21,79,49,17,90,59,24
DARROUZETT ISD,43,20,7,45,27,8,31,0,0,39,17,7,40,13,3,61,30,9
GEORGE WEST ISD,85,57,27,85,60,29,80,52,21,85,56,26,87,52,26,85,61,34
THREE RIVERS ISD,72,43,18,74,44,16,55,21,4,73,47,21,77,45,21,70,41,23
LLANO ISD,74,46,19,72,48,18,56,27,11,76,42,16,82,56,23,80,57,36
RISE ACADEMY,92,65,30,93,55,25,81,42,8,92,74,35,100,90,52,93,60,33
TRIUMPH PUBLIC HIGH SCHOOLS-LUBBOC,51,23,5,32,18,2,,,,57,18,11,63,29,4,73,33,8
BETTY M CONDRA SCHOOL FOR EDUCATIO,23,7,3,37,14,7,14,0,0,10,3,0,,,,,,
LUBBOCK ISD,65,38,17,66,40,17,52,25,7,67,36,17,70,40,18,65,43,26
NEW DEAL ISD,73,41,16,73,47,16,62,24,4,75,39,18,79,47,19,61,30,15
SLATON ISD,60,31,8,59,35,10,43,16,2,61,26,6,68,38,10,59,31,14
LUBBOCK-COOPER ISD,80,54,25,79,55,24,74,41,12,82,55,29,81,53,23,81,57,34
FRENSHIP ISD,80,53,27,82,58,28,72,41,14,79,47,24,86,61,32,82,59,37
ROOSEVELT ISD,66,38,15,66,39,13,52,28,8,63,32,13,70,42,15,84,58,35
SHALLOWATER ISD,90,68,33,88,68,30,83,52,21,94,74,39,95,71,35,87,60,34
IDALOU ISD,83,58,28,81,57,23,86,49,11,88,62,33,81,57,23,79,64,46
O'DONNELL ISD,72,38,13,70,44,17,71,33,8,78,37,16,74,35,7,57,29,10
TAHOKA ISD,75,43,20,71,40,18,69,29,4,85,52,25,80,46,21,55,26,19
NEW HOME ISD,91,68,36,92,71,33,84,52,21,93,71,46,89,63,21,93,71,51
WILSON ISD,62,32,13,65,39,15,59,12,6,55,28,10,62,21,10,73,55,18
MADISONVILLE CISD,83,52,22,82,53,21,68,34,9,85,53,23,89,59,27,81,49,25
NORTH ZULCH ISD,84,54,23,83,55,22,71,29,0,91,60,29,85,53,14,79,59,38
JEFFERSON ISD,57,30,11,59,34,11,42,15,2,53,23,9,65,36,12,61,40,18
STANTON ISD,71,42,18,68,42,14,57,22,4,69,40,20,80,49,22,86,64,34
GRADY ISD,93,71,36,93,74,39,78,63,19,91,59,31,100,92,42,100,83,52
MASON ISD,88,63,31,90,67,32,79,48,20,87,59,27,88,61,32,88,76,49
BAY CITY ISD,58,33,13,56,34,12,46,21,5,61,32,14,64,35,14,65,42,22
TIDEHAVEN ISD,83,54,25,85,57,25,81,45,18,83,56,27,79,47,20,84,54,32
MATAGORDA ISD,53,26,6,53,27,8,33,7,0,53,22,2,79,47,16,29,29,14
PALACIOS ISD,71,42,17,70,41,16,66,35,8,75,43,18,69,44,16,70,49,31
VAN VLECK ISD,69,37,14,67,40,15,59,29,8,72,37,14,74,34,12,70,40,20
EAGLE PASS ISD,52,27,8,56,33,8,37,13,2,42,15,6,57,26,7,74,51,25
BRADY ISD,77,47,18,76,51,18,68,34,4,81,51,23,75,39,15,79,47,23
ROCHELLE ISD,89,66,36,82,59,32,90,38,7,94,80,50,98,82,45,84,52,24
LOHN ISD,28,9,2,33,14,4,40,7,0,19,6,2,33,6,0,0,0,0
WACO CHARTER SCHOOL,56,20,8,62,20,11,40,16,0,61,23,11,40,15,0,,,
RAPOPORT ACADEMY PUBLIC SCHOOL,56,29,12,62,34,14,43,12,3,46,20,8,64,39,16,75,50,30
HARMONY SCIENCE ACAD (WACO),62,35,14,66,41,16,53,24,6,56,27,11,67,39,17,74,47,27
CRAWFORD ISD,92,66,29,95,72,34,92,60,20,90,65,29,89,60,22,85,58,35
MIDWAY ISD,84,61,33,83,61,30,76,48,19,86,62,35,87,68,41,83,62,39
LA VEGA ISD,59,28,9,64,34,10,50,19,4,58,25,9,56,25,8,59,28,11
LORENA ISD,87,63,31,87,66,33,76,42,9,87,58,29,92,67,30,92,78,53
MART ISD,71,37,13,65,34,11,51,17,5,72,33,12,89,59,19,79,44,23
MCGREGOR ISD,71,39,15,72,43,16,63,25,5,69,37,14,74,34,15,78,53,29
MOODY ISD,65,36,14,69,40,15,55,28,7,61,30,12,64,39,19,69,41,17
RIESEL ISD,70,37,13,73,45,15,55,25,5,71,31,13,73,39,12,63,30,12
WACO ISD,49,23,8,51,26,8,36,11,2,47,20,7,53,24,8,58,33,15
WEST ISD,79,52,22,78,52,19,63,25,4,80,52,25,86,61,23,81,61,34
AXTELL ISD,78,46,17,78,54,22,80,43,11,76,36,13,82,44,18,79,53,20
BRUCEVILLE-EDDY ISD,64,31,10,65,33,11,47,20,1,67,25,6,66,31,14,62,44,26
CHINA SPRING ISD,84,59,28,82,59,28,81,54,17,87,59,29,88,64,34,80,52,27
CONNALLY ISD,50,22,6,52,27,8,36,14,1,44,16,4,64,29,6,54,23,8
ROBINSON ISD,78,49,20,77,51,21,68,36,6,79,47,21,85,53,22,80,56,31
BOSQUEVILLE ISD,77,50,19,81,56,21,64,34,8,76,48,17,77,49,20,76,48,23
HALLSBURG ISD,76,40,15,76,49,25,65,22,4,80,34,11,70,48,9,,,
GHOLSON ISD,70,41,17,71,40,13,68,35,14,65,40,20,78,53,24,75,32,11
MCMULLEN COUNTY ISD,90,66,28,91,69,28,76,43,17,94,68,27,92,75,37,91,60,29
DEVINE ISD,72,43,18,73,46,19,59,26,4,69,35,14,78,49,19,82,65,45
D'HANIS ISD,85,57,25,87,68,34,90,60,15,84,49,24,91,61,20,68,27,12
NATALIA ISD,58,27,8,62,34,10,48,14,1,47,16,5,64,29,7,77,44,19
HONDO ISD,67,39,17,69,41,14,57,24,5,63,36,16,71,42,20,77,54,33
MEDINA VALLEY ISD,80,53,25,81,56,23,73,41,12,79,50,24,84,57,29,85,63,37
MENARD ISD,73,41,17,75,45,19,62,24,14,66,30,12,84,56,16,78,54,30
MIDLAND ACADEMY CHARTER SCHOOL,81,51,27,83,57,29,65,36,12,86,53,33,87,49,20,70,35,30
MIDLAND ISD,63,36,14,62,38,14,52,23,6,64,35,16,68,39,15,64,40,20
GREENWOOD ISD,73,43,18,72,45,18,60,27,5,76,45,19,81,48,19,66,40,23
CAMERON ISD,73,44,19,72,45,18,62,27,8,74,45,21,73,41,17,81,55,26
GAUSE ISD,75,38,16,75,46,23,79,15,0,76,39,10,74,48,30,70,20,20
MILANO ISD,86,58,27,87,60,27,75,39,5,88,57,28,85,62,27,84,66,43
ROCKDALE ISD,74,42,16,73,45,18,67,34,5,76,41,15,71,34,9,77,52,28
THORNDALE ISD,73,46,16,71,48,16,67,36,12,78,40,11,78,54,23,68,49,27
BUCKHOLTS ISD,43,22,9,40,27,13,45,20,0,39,12,3,52,16,12,60,47,20
GOLDTHWAITE ISD,89,65,31,88,66,30,75,48,16,93,67,32,91,68,29,86,63,40
MULLIN ISD,74,40,10,74,44,7,42,17,0,73,33,9,88,46,13,83,58,33
PRIDDY ISD,71,36,12,72,42,8,46,0,0,76,35,16,74,35,10,71,50,29
COLORADO ISD,66,39,16,62,38,13,50,23,3,68,38,17,71,42,18,82,60,33
LORAINE ISD,65,40,18,66,42,18,60,45,10,68,41,22,54,21,7,70,45,30
WESTBROOK ISD,68,37,14,72,44,14,42,19,8,67,31,14,76,33,11,71,53,26
BOWIE ISD,71,41,16,69,42,15,64,30,5,69,35,14,76,46,18,87,63,37
NOCONA ISD,72,43,16,68,41,17,60,24,1,73,44,16,81,53,20,79,47,22
GOLD BURG ISD,56,31,10,67,41,11,54,33,0,50,25,11,43,14,0,59,45,27
MONTAGUE ISD,75,40,18,79,46,19,55,10,0,87,48,26,76,48,19,36,18,0
PRAIRIE VALLEY ISD,83,52,22,85,57,22,78,39,0,82,49,22,77,47,10,90,63,47
FORESTBURG ISD,80,47,14,78,53,13,73,41,18,80,46,13,88,38,9,86,41,23
SAINT JO ISD,78,46,19,82,51,22,71,34,2,77,43,15,82,50,18,70,45,36
TEXAS SERENITY ACADEMY,57,23,8,64,28,11,55,18,4,55,22,8,52,18,4,35,6,0
CONROE ISD,81,58,32,80,59,30,71,43,15,82,58,34,85,64,36,83,63,44
MONTGOMERY ISD,84,60,29,82,60,26,76,45,14,87,63,34,87,61,30,87,65,42
WILLIS ISD,68,38,15,67,42,16,51,23,4,69,33,13,73,41,14,74,47,25
MAGNOLIA ISD,73,48,23,72,48,20,61,32,8,72,43,21,81,57,33,84,63,42
SPLENDORA ISD,61,31,10,61,34,11,53,23,4,58,25,8,69,33,11,72,43,20
NEW CANEY ISD,62,34,13,60,35,12,49,22,5,62,32,13,67,37,14,71,44,22
DUMAS ISD,74,43,16,71,41,13,59,27,4,81,47,19,78,42,14,76,51,27
SUNRAY ISD,76,43,17,73,44,18,68,33,7,83,48,21,77,41,16,74,40,15
DAINGERFIELD-LONE STAR ISD,58,31,11,61,35,12,62,27,6,53,25,9,57,30,9,66,39,20
PEWITT CISD,68,36,12,73,43,15,59,33,8,63,27,8,78,41,12,63,32,17
MOTLEY COUNTY ISD,75,43,14,75,44,15,52,24,0,82,51,19,89,50,17,60,24,4
STEPHEN F AUSTIN STATE UNIVERSITY,96,75,53,97,77,60,95,69,31,97,80,58,95,59,36,,,
CHIRENO ISD,66,35,13,71,43,17,57,24,4,63,33,11,67,34,12,57,14,11
CUSHING ISD,77,44,18,78,47,18,69,20,3,76,44,19,78,46,19,78,49,28
GARRISON ISD,78,47,18,80,50,21,59,33,6,83,48,20,79,41,14,74,50,21
NACOGDOCHES ISD,58,31,12,57,32,12,50,23,6,56,27,11,67,36,14,69,45,26
WODEN ISD,81,51,22,82,56,25,69,36,4,75,40,16,91,60,25,96,71,49
CENTRAL HEIGHTS ISD,86,61,30,87,67,33,80,51,16,89,61,30,90,56,26,77,57,37
MARTINSVILLE ISD,75,39,14,78,44,19,79,47,7,65,28,9,86,55,23,75,30,11
ETOILE ISD,54,32,10,53,37,14,50,19,6,56,23,5,50,43,14,-1,-1,-1
DOUGLASS ISD,76,52,22,77,52,22,70,44,15,74,49,21,81,58,24,74,57,33
BLOOMING GROVE ISD,70,39,13,70,45,16,52,22,2,74,40,16,74,34,9,66,33,12
CORSICANA ISD,66,38,15,65,39,14,54,23,5,70,39,18,69,38,14,66,44,19
DAWSON ISD,66,37,14,68,41,18,47,22,5,67,34,14,70,35,12,65,43,13
FROST ISD,70,36,13,77,44,15,61,19,2,64,30,11,66,32,11,79,50,26
KERENS ISD,67,36,13,66,39,14,52,20,5,72,38,16,58,30,8,80,42,17
MILDRED ISD,78,49,22,79,50,19,69,38,11,78,49,26,80,48,16,85,58,36
RICE ISD,68,42,17,65,41,15,54,28,7,70,42,18,79,53,25,69,42,18
BURKEVILLE ISD,52,26,8,51,31,9,49,14,0,57,28,9,52,18,4,43,25,10
NEWTON ISD,66,34,11,65,38,12,64,34,9,60,23,7,77,47,13,81,45,18
DEWEYVILLE ISD,68,37,15,77,53,22,64,36,7,62,29,14,60,20,4,63,24,9
ROSCOE COLLEGIATE ISD,67,34,11,70,42,13,57,17,4,63,26,9,69,35,4,72,48,25
SWEETWATER ISD,55,28,10,55,31,10,44,18,2,55,27,10,60,26,11,59,36,20
BLACKWELL CISD,81,48,19,83,51,19,67,43,14,78,31,7,93,63,33,85,69,42
HIGHLAND ISD,88,64,33,87,63,35,91,61,18,92,68,42,82,57,18,85,70,36
DR M L GARZA-GONZALEZ CHARTER SCHO,48,14,5,67,23,12,38,3,0,34,9,2,44,17,0,45,5,0
CORPUS CHRISTI MONTESSORI SCHOOL,57,32,15,72,51,28,61,33,17,51,21,7,39,18,4,36,14,7
SEASHORE CHARTER SCHOOLS,89,55,26,92,63,37,85,50,16,88,52,21,89,47,22,81,43,16
AGUA DULCE ISD,71,34,12,77,40,16,57,21,0,64,24,6,72,36,11,83,51,27
BISHOP CISD,69,38,12,72,45,13,59,34,9,64,32,11,73,35,9,73,41,19
CALALLEN ISD,76,47,21,75,49,19,67,36,9,75,43,18,83,60,32,79,52,34
CORPUS CHRISTI ISD,61,34,13,62,37,14,52,23,6,61,32,13,60,30,10,67,42,22
DRISCOLL ISD,77,48,21,80,53,25,79,43,7,76,48,22,77,48,23,62,19,19
LONDON ISD,89,64,32,88,65,30,86,60,20,91,65,36,90,57,25,90,71,44
PORT ARANSAS ISD,85,63,30,84,69,29,86,47,11,85,59,30,85,63,35,87,65,40
ROBSTOWN ISD,51,24,8,55,31,9,43,17,3,48,19,8,50,22,5,55,26,10
TULOSO-MIDWAY ISD,73,44,17,76,49,19,63,32,5,67,33,13,82,54,22,80,52,27
BANQUETE ISD,77,45,17,80,49,19,70,39,10,72,38,15,82,49,19,80,49,18
FLOUR BLUFF ISD,77,50,22,77,54,22,70,39,13,75,44,21,82,56,24,79,58,36
WEST OSO ISD,57,28,8,64,36,10,43,16,1,54,20,6,53,26,7,61,42,22
PERRYTON ISD,80,49,21,78,50,19,67,32,9,83,53,26,86,53,25,80,44,19
BOYS RANCH ISD,78,54,29,66,45,14,58,50,8,86,61,41,84,47,29,96,76,54
VEGA ISD,88,64,29,88,69,27,88,56,19,88,62,29,94,67,28,82,58,47
ADRIAN ISD,68,32,12,77,46,14,71,29,6,63,23,12,65,22,13,57,24,10
WILDORADO ISD,77,47,16,82,52,17,60,34,9,77,50,14,77,36,11,76,48,34
BRIDGE CITY ISD,76,47,19,78,53,22,68,34,12,73,42,17,82,48,17,78,50,26
ORANGEFIELD ISD,76,48,21,74,50,20,63,34,9,78,45,21,81,53,22,83,65,39
WEST ORANGE-COVE CISD,44,20,6,45,23,5,41,15,3,41,17,5,46,17,7,55,29,12
VIDOR ISD,68,41,17,65,41,15,64,31,8,72,42,21,72,43,17,66,41,22
LITTLE CYPRESS-MAURICEVILLE CISD,68,38,14,67,42,16,58,25,4,69,36,15,75,41,13,69,37,16
GORDON ISD,70,35,13,69,42,19,69,28,0,66,29,13,78,30,8,73,47,13
GRAFORD ISD,73,41,14,71,44,18,68,32,3,73,39,13,84,44,14,65,39,10
MINERAL WELLS ISD,61,32,11,61,33,10,45,18,5,63,31,11,66,34,13,66,38,20
SANTO ISD,84,55,23,83,59,23,78,45,13,89,57,30,78,47,18,81,53,19
STRAWN ISD,66,39,16,64,37,16,44,19,0,71,43,17,58,23,8,83,65,30
PALO PINTO ISD,92,54,27,94,57,26,90,30,10,89,53,32,100,67,25,,,
PANOLA CHARTER SCHOOL,68,42,18,71,58,18,,,,53,22,9,68,34,15,77,43,30
BECKVILLE ISD,88,57,24,86,60,23,76,48,17,90,56,27,93,68,29,86,45,11
CARTHAGE ISD,72,45,19,71,45,17,65,33,9,72,42,19,77,50,24,79,55,27
GARY ISD,74,41,14,79,55,19,67,33,3,71,32,13,85,43,11,52,16,9
CROSSTIMBERS ACADEMY,77,43,10,69,47,2,,,,72,11,0,80,30,5,86,57,25
POOLVILLE ISD,72,41,15,72,43,17,72,25,4,74,41,16,69,43,12,66,50,24
SPRINGTOWN ISD,71,41,16,70,42,15,64,33,8,72,37,15,73,42,16,80,53,31
WEATHERFORD ISD,72,44,18,72,46,17,62,32,8,70,40,17,76,47,20,79,55,31
MILLSAP ISD,78,49,21,75,50,21,58,29,5,85,54,27,78,46,15,81,54,26
ALEDO ISD,88,68,39,89,71,39,79,51,16,88,66,39,92,73,43,88,72,53
PEASTER ISD,76,49,19,77,55,22,62,29,3,75,45,19,84,57,24,77,45,22
BROCK ISD,89,64,31,89,67,31,86,53,16,88,61,32,91,68,36,89,67,42
GARNER ISD,62,33,12,60,34,16,57,33,4,58,30,8,78,35,15,70,40,15
BOVINA ISD,62,31,9,67,33,7,47,18,5,64,34,12,61,25,6,57,31,10
FARWELL ISD,82,53,25,80,51,22,73,39,13,87,62,34,81,46,16,87,59,38
FRIONA ISD,67,36,13,66,39,13,57,22,1,66,32,13,77,45,21,72,43,13
LAZBUDDIE ISD,69,35,16,66,40,20,50,20,7,73,33,16,80,46,17,67,21,6
BUENA VISTA ISD,78,41,16,82,51,21,50,25,6,79,35,15,86,40,18,71,36,10
FORT STOCKTON ISD,53,26,9,54,30,9,45,16,4,52,23,10,57,25,5,55,29,11
IRAAN-SHEFFIELD ISD,55,29,9,58,36,11,45,21,2,58,23,10,52,31,12,55,29,7
BIG SANDY ISD,75,44,17,75,43,15,66,34,7,76,42,15,77,46,21,77,60,32
GOODRICH ISD,62,30,10,66,32,9,40,15,5,72,41,19,55,21,2,32,7,0
CORRIGAN-CAMDEN ISD,66,36,15,67,38,14,55,24,6,66,32,15,68,44,15,72,44,28
LEGGETT ISD,44,19,4,51,28,5,38,13,4,33,8,2,39,17,3,65,35,13
LIVINGSTON ISD,68,40,17,66,41,15,58,27,6,71,39,18,73,44,19,73,53,30
ONALASKA ISD,80,51,21,77,51,19,70,30,7,85,53,26,88,58,26,79,53,24
AMARILLO ISD,71,43,18,69,43,17,61,31,8,75,45,20,76,46,20,71,45,27
RIVER ROAD ISD,74,44,17,69,42,15,63,30,5,73,39,16,82,53,20,84,59,30
HIGHLAND PARK ISD,75,43,15,75,45,14,68,35,9,74,39,15,85,52,17,71,42,23
BUSHLAND ISD,84,58,26,84,64,27,79,52,19,86,57,28,82,55,24,84,49,23
MARFA ISD,62,28,8,68,35,9,39,3,0,60,26,5,65,25,7,56,29,18
PRESIDIO ISD,68,41,15,61,36,12,58,31,6,68,39,15,79,47,19,85,58,31
RAINS ISD,61,30,10,61,34,11,46,15,3,58,22,8,69,35,11,72,48,24
CANYON ISD,83,58,28,82,57,26,74,41,10,87,61,32,86,62,31,83,58,34
REAGAN COUNTY ISD,67,36,15,69,44,19,63,24,10,65,31,13,71,33,10,69,38,19
BIG SPRINGS CHARTER SCHOOL,43,23,10,42,23,11,17,17,8,34,14,2,52,22,7,79,53,37
LEAKEY ISD,64,36,10,68,45,10,37,15,2,62,29,7,70,32,13,70,53,21
AVERY ISD,83,56,21,83,56,18,71,35,8,83,61,30,97,68,21,76,46,22
RIVERCREST ISD,78,48,21,73,51,20,69,33,9,84,52,27,79,40,11,79,51,34
CLARKSVILLE ISD,53,24,7,57,28,8,47,19,3,52,21,7,49,20,2,57,24,10
DETROIT ISD,72,43,17,69,42,16,51,14,4,82,51,23,70,44,14,68,42,11
PECOS-BARSTOW-TOYAH ISD,60,28,10,59,31,11,56,23,5,61,28,12,61,25,8,64,31,11
BALMORHEA ISD,59,26,11,61,27,7,48,7,0,56,25,12,58,15,4,86,79,57
AUSTWELL-TIVOLI ISD,68,36,13,71,42,10,54,17,4,63,34,16,85,41,15,56,31,19
WOODSBORO ISD,67,35,11,69,41,12,51,11,1,67,31,12,72,45,10,68,42,11
REFUGIO ISD,69,38,15,68,40,15,59,22,2,71,38,16,75,34,13,68,44,23
MIAMI ISD,82,45,19,81,48,17,69,38,19,88,48,20,79,42,19,84,32,23
BREMOND ISD,76,44,18,80,51,19,66,34,7,73,32,11,78,48,27,79,67,46
CALVERT ISD,51,19,4,52,21,6,20,7,0,50,23,5,55,3,0,67,33,0
FRANKLIN ISD,88,66,36,87,64,31,79,45,15,92,71,43,88,67,38,90,74,50
HEARNE ISD,34,14,4,36,18,5,28,9,2,30,10,4,35,9,4,41,18,4
MUMFORD ISD,90,67,36,94,75,46,85,62,25,87,58,28,88,64,26,93,71,46
ROCKWALL ISD,81,57,28,80,58,26,73,43,13,82,55,28,85,61,33,87,67,45
ROYSE CITY ISD,72,43,18,72,45,17,61,28,7,74,43,20,76,47,19,73,46,22
BALLINGER ISD,67,39,15,67,43,16,55,23,5,65,33,12,73,47,20,71,47,26
MILES ISD,87,61,29,87,59,26,73,41,9,89,67,37,87,57,28,89,69,35
WINTERS ISD,63,34,12,63,36,13,50,27,3,65,32,11,60,28,6,73,46,24
OLFEN ISD,73,39,15,67,41,14,53,26,16,70,32,12,87,45,16,97,53,23
HENDERSON ISD,64,35,14,63,38,14,48,21,5,64,31,11,69,40,16,73,47,27
LANEVILLE ISD,64,36,14,56,32,9,50,17,0,70,46,16,63,16,9,92,63,38
LEVERETTS CHAPEL ISD,74,45,21,75,50,18,62,24,5,71,46,27,86,47,22,72,38,21
MOUNT ENTERPRISE ISD,75,45,20,74,45,21,60,30,12,75,38,18,82,57,20,82,62,32
OVERTON ISD,63,32,10,63,36,10,60,26,4,65,33,12,60,17,2,60,41,21
TATUM ISD,79,50,21,79,53,21,65,30,9,79,49,20,87,59,24,77,49,25
CARLISLE ISD,68,35,12,65,36,12,51,18,1,73,34,12,71,39,14,82,44,24
WEST RUSK COUNTY CONSOLIDATED ISD,74,44,17,73,45,17,62,31,4,74,42,14,81,51,21,76,46,28
HEMPHILL ISD,76,41,14,74,44,14,71,32,8,75,38,11,81,36,14,83,52,31
WEST SABINE ISD,63,30,12,63,29,12,41,17,7,67,32,13,70,41,13,65,28,13
SAN AUGUSTINE ISD,45,20,7,47,25,7,43,17,5,42,15,6,42,13,6,56,32,16
BROADDUS ISD,68,40,12,66,37,9,58,27,4,76,49,19,64,35,6,61,39,17
COLDSPRING-OAKHURST CISD,55,27,9,54,30,10,49,25,6,52,19,6,63,35,14,63,35,18
SHEPHERD ISD,51,24,7,48,26,7,40,14,3,52,21,7,55,23,7,66,36,15
ARANSAS PASS ISD,64,34,12,66,38,11,54,24,5,61,28,9,68,33,13,72,50,28
GREGORY-PORTLAND ISD,71,43,18,70,45,18,61,32,7,71,42,20,74,43,17,76,51,30
INGLESIDE ISD,74,46,18,72,49,17,67,33,10,74,40,17,80,53,20,78,55,25
MATHIS ISD,70,36,12,74,43,15,60,20,5,65,29,8,70,33,8,79,49,30
ODEM-EDROY ISD,70,42,16,72,45,15,57,25,4,65,33,14,77,48,20,78,57,31
SINTON ISD,62,35,15,63,38,14,54,26,7,57,28,12,72,48,22,65,40,19
TAFT ISD,54,25,7,54,25,8,45,20,4,56,25,7,46,21,5,63,33,12
SAN SABA ISD,68,38,15,68,44,16,71,32,3,71,35,14,67,33,11,62,43,28
RICHLAND SPRINGS ISD,71,38,10,74,41,11,54,38,8,71,29,10,77,48,13,60,36,4
CHEROKEE ISD,79,51,20,78,57,19,70,45,15,76,43,19,93,52,17,80,60,33
SCHLEICHER ISD,74,46,18,72,45,15,58,24,4,79,48,18,80,53,21,77,51,31
HERMLEIGH ISD,58,27,7,59,33,12,44,18,0,53,22,4,66,29,8,68,26,3
SNYDER ISD,62,33,13,59,33,11,50,19,4,64,34,15,68,36,12,67,47,28
IRA ISD,90,70,37,92,77,39,86,55,18,89,72,46,97,71,36,81,51,19
ALBANY ISD,76,45,16,78,48,16,66,42,9,70,39,13,82,50,15,84,55,31
MORAN ISD,45,23,5,50,28,5,33,13,0,43,19,3,41,21,3,50,31,19
CENTER ISD,72,39,13,69,42,14,64,27,5,77,41,15,73,35,12,74,42,18
JOAQUIN ISD,78,48,18,79,49,16,76,38,8,83,53,23,77,47,17,63,41,22
SHELBYVILLE ISD,79,49,19,80,52,21,62,34,5,82,54,21,88,47,21,67,40,16
TENAHA ISD,65,37,14,65,38,12,48,19,6,74,48,22,59,25,7,57,28,7
TIMPSON ISD,64,32,10,65,39,13,47,18,2,70,29,8,64,32,7,61,31,14
EXCELSIOR ISD,50,25,8,61,39,16,54,15,0,39,16,8,50,25,0,38,13,0
TEXHOMA ISD,79,39,14,80,34,14,65,24,6,86,51,17,,,,,,
STRATFORD ISD,73,43,18,75,49,20,74,44,15,68,39,18,73,43,18,78,37,13
CUMBERLAND ACADEMY,67,36,15,69,42,16,61,28,5,61,29,11,68,31,12,80,53,37
UT TYLER UNIVERSITY ACADEMY,86,65,36,88,70,37,78,51,17,82,58,32,91,72,47,91,70,46
ARP ISD,74,44,18,72,47,19,57,19,1,74,38,15,86,54,21,80,61,39
BULLARD ISD,87,63,31,86,64,28,79,46,9,89,66,38,89,63,29,87,67,43
LINDALE ISD,87,69,38,87,69,36,77,55,18,89,73,46,89,69,37,88,66,40
TROUP ISD,82,56,27,81,58,27,77,42,10,81,53,25,90,69,38,75,46,26
TYLER ISD,66,39,17,65,40,16,58,29,8,68,40,19,70,41,18,68,43,23
WHITEHOUSE ISD,86,62,33,84,61,29,76,41,14,89,69,41,87,63,33,87,66,42
CHAPEL HILL ISD,59,32,12,61,36,12,50,24,5,55,26,9,63,36,16,70,43,22
WINONA ISD,64,35,13,65,36,12,51,20,3,63,31,13,69,44,19,71,39,14
BRAZOS RIVER CHARTER SCHOOL,78,53,12,71,45,0,,,,43,14,0,80,60,20,89,66,24
GLEN ROSE ISD,84,56,24,83,58,26,80,45,10,82,52,22,90,64,22,86,66,41
RIO GRANDE CITY CISD,45,22,6,48,27,7,32,10,2,36,13,4,50,21,4,66,42,20
SAN ISIDRO ISD,72,38,11,73,45,12,63,32,11,69,31,10,73,25,0,81,52,29
ROMA ISD,63,37,13,61,43,13,69,38,12,60,30,15,66,30,6,73,43,19
BRECKENRIDGE ISD,66,35,13,63,35,10,54,24,10,69,37,17,78,43,15,55,28,14
STERLING CITY ISD,79,47,19,74,48,19,66,32,5,84,45,18,87,51,21,82,59,30
ASPERMONT ISD,71,39,15,73,47,19,33,25,4,72,37,16,84,30,7,69,34,14
SONORA ISD,81,52,22,77,51,18,67,29,4,82,52,26,93,67,34,86,56,31
HAPPY ISD,88,64,32,87,65,30,83,53,17,90,58,33,85,69,32,96,73,42
TULIA ISD,53,28,11,48,25,8,36,15,0,51,23,9,68,32,12,71,53,35
KRESS ISD,71,38,13,68,39,14,54,30,2,71,33,11,84,48,16,78,50,28
TREETOPS SCHOOL INTERNATIONAL,76,46,19,86,60,24,67,33,7,69,32,13,82,55,24,66,48,31
ARLINGTON CLASSICS ACADEMY,82,52,26,84,57,32,80,55,20,79,46,25,86,58,21,76,42,20
FORT WORTH ACADEMY OF FINE ARTS,85,56,27,91,69,38,87,46,17,78,43,18,85,58,20,86,62,34
WESTLAKE ACADEMY CHARTER SCHOOL,95,79,49,96,83,48,92,75,36,95,80,54,94,73,43,95,76,55
EAST FORT WORTH MONTESSORI ACADEMY,53,18,6,66,27,11,41,19,4,48,8,3,38,19,0,,,
TEXAS SCHOOL OF THE ARTS,71,42,18,81,49,30,68,51,8,63,33,11,70,37,7,,,
CHAPEL HILL ACADEMY,55,27,11,62,33,15,49,24,11,51,22,9,52,23,9,58,24,2
NEWMAN INTERNATIONAL ACADEMY OF AR,65,34,12,74,46,18,60,27,6,59,26,8,65,31,9,61,32,17
HIGH POINT ACADEMY,65,34,13,70,43,17,57,21,4,57,25,8,74,41,19,68,39,16
ARLINGTON ISD,58,32,13,61,37,14,47,21,5,53,25,10,60,33,13,68,44,25
BIRDVILLE ISD,71,44,20,71,46,18,61,32,10,71,43,20,76,49,25,74,49,30
EVERMAN ISD,57,29,10,61,34,11,51,18,3,50,21,8,61,34,11,65,38,18
FORT WORTH ISD,50,25,9,54,30,10,41,17,4,44,19,7,53,24,7,56,32,14
GRAPEVINE-COLLEYVILLE ISD,81,59,31,82,64,33,72,45,17,78,53,28,86,62,31,88,69,45
KELLER ISD,80,56,27,80,58,26,71,42,13,79,51,25,83,59,29,87,68,45
MANSFIELD ISD,78,52,25,79,56,25,70,39,12,76,48,24,80,54,26,82,59,35
LAKE WORTH ISD,44,20,6,46,24,6,36,16,2,37,13,5,47,21,7,62,34,16
CROWLEY ISD,56,30,10,57,34,11,48,20,4,52,23,9,61,32,12,67,39,18
KENNEDALE ISD,65,37,14,66,41,14,53,25,6,60,28,10,74,46,14,76,52,30
AZLE ISD,72,42,17,72,45,17,64,30,6,70,37,16,78,46,20,74,48,25
HURST-EULESS-BEDFORD ISD,77,52,25,77,53,24,71,44,18,77,49,25,80,55,27,81,58,37
CASTLEBERRY ISD,55,28,9,60,34,10,42,20,3,51,21,7,57,25,7,63,37,16
EAGLE MT-SAGINAW ISD,69,43,18,70,46,17,57,30,9,66,36,15,77,50,22,78,54,31
CARROLL ISD,96,84,57,95,84,55,94,78,43,97,84,62,97,86,57,96,84,66
WHITE SETTLEMENT ISD,70,42,17,71,46,18,70,41,14,68,36,16,71,40,16,73,47,24
TEXAS COLLEGE PREPARATORY ACADEMIE,74,46,20,79,54,26,68,36,10,69,38,17,74,44,18,77,51,30
ABILENE ISD,61,35,14,61,37,13,50,22,6,61,33,13,65,34,13,69,46,26
MERKEL ISD,71,42,16,67,43,14,65,33,10,72,39,17,80,43,16,76,52,30
TRENT ISD,64,31,11,68,46,11,55,15,5,59,24,10,76,17,14,61,30,18
JIM NED CISD,88,62,29,88,69,33,86,55,29,90,58,27,87,60,25,85,57,32
WYLIE ISD,88,65,33,87,65,32,83,53,18,90,64,34,91,69,35,90,74,52
TERRELL COUNTY ISD,86,57,28,82,51,29,71,57,14,87,59,30,94,64,19,89,61,39
BROWNFIELD ISD,52,27,10,52,28,9,40,15,2,53,27,11,58,30,12,53,27,12
MEADOW ISD,66,28,7,66,30,9,69,25,0,67,28,7,63,25,9,65,33,2
WELLMAN-UNION CISD,82,52,23,82,53,24,82,40,13,82,54,28,83,54,17,75,48,23
THROCKMORTON COLLEGIATE ISD,55,30,10,54,36,7,14,0,0,56,33,16,77,35,12,56,22,7
WOODSON ISD,71,46,14,71,47,15,67,44,6,78,49,19,69,45,7,57,40,11
MOUNT PLEASANT ISD,75,46,19,75,47,17,66,36,10,75,46,22,81,47,15,74,49,28
CHAPEL HILL ISD,81,49,19,79,51,20,73,29,6,85,52,24,87,55,18,77,44,19
HARTS BLUFF ISD,69,38,13,71,42,15,55,21,1,76,46,18,65,29,8,51,14,6
TEXAS LEADERSHIP PUBLIC SCHOOLS,62,31,10,66,38,12,58,23,6,60,26,10,60,25,5,61,35,15
CHRISTOVAL ISD,84,55,23,85,60,28,73,39,15,84,50,16,90,57,21,86,67,35
SAN ANGELO ISD,57,32,12,57,35,12,51,23,6,55,27,12,61,33,12,64,40,21
WATER VALLEY ISD,77,44,18,78,49,19,65,24,0,74,42,20,89,58,26,78,30,11
WALL ISD,94,72,38,95,74,39,90,56,18,96,77,43,94,75,45,88,59,22
GRAPE CREEK ISD,58,30,9,56,32,9,49,23,1,59,26,9,67,38,9,57,32,16
VERIBEST ISD,77,50,17,82,56,22,88,69,24,71,41,16,70,39,4,76,51,14
UNIVERSITY OF TEXAS AT AUSTIN H S,98,92,48,96,93,30,,,,96,81,15,100,95,60,100,96,81
WAYSIDE SCHOOLS,49,22,8,52,26,9,25,7,1,48,19,8,54,22,6,66,40,19
NYOS CHARTER SCHOOL,73,44,20,77,52,25,63,28,9,65,31,14,76,50,14,87,71,44
TEXAS EMPOWERMENT ACADEMY,41,17,5,53,28,7,47,19,6,28,6,2,37,15,4,19,3,0
UNIVERSITY OF TEXAS UNIVERSITY CHA,78,51,25,73,49,22,82,55,0,82,61,43,90,60,30,71,29,14
CHAPARRAL STAR ACADEMY,93,68,35,95,78,36,95,42,12,91,65,38,91,66,34,91,70,50
HARMONY SCIENCE ACADEMY (AUSTIN),57,32,14,59,36,16,47,23,7,54,28,13,62,34,14,62,38,22
CEDARS INTERNATIONAL ACADEMY,55,26,6,58,35,6,35,9,0,48,13,4,68,36,4,68,32,21
UNIVERSITY OF TEXAS ELEMENTARY CHA,68,43,23,69,42,28,76,51,14,62,43,23,72,38,16,,,
KIPP TEXAS PUBLIC SCHOOLS,55,28,10,60,35,12,46,20,4,51,21,7,57,28,9,58,33,15
AUSTIN DISCOVERY SCHOOL,58,30,13,69,44,28,63,35,6,47,19,3,52,22,7,44,13,6
PROMESA PUBLIC SCHOOLS,47,21,6,53,29,10,51,20,4,41,13,3,37,9,1,56,27,12
AUSTIN ACHIEVE PUBLIC SCHOOLS,43,20,5,47,26,5,27,7,0,42,15,6,49,24,7,31,9,2
MONTESSORI FOR ALL,55,30,15,61,39,26,55,28,10,55,25,9,38,13,5,,,
THE EXCEL CENTER (FOR ADULTS),53,25,2,43,23,2,,,,50,11,0,53,11,0,88,60,4
VALOR PUBLIC SCHOOLS,82,55,29,84,63,37,76,50,18,78,49,26,85,52,21,90,53,29
AUSTIN ISD,63,42,20,66,47,22,51,29,10,59,34,16,66,43,19,77,58,39
PFLUGERVILLE ISD,66,41,17,68,44,18,57,29,8,62,34,14,71,44,19,76,53,31
MANOR ISD,50,25,8,51,28,7,34,14,3,44,19,7,57,27,8,68,40,16
EANES ISD,92,74,44,93,77,44,88,64,30,92,70,42,93,76,44,95,83,61
DEL VALLE ISD,49,24,8,50,28,8,37,12,3,45,19,6,52,24,7,66,40,19
LAGO VISTA ISD,76,46,19,77,54,23,74,42,14,70,32,11,76,44,13,85,63,40
LAKE TRAVIS ISD,85,61,32,85,64,31,78,49,17,84,58,31,89,64,34,91,72,51
GROVETON ISD,74,49,21,74,51,20,78,43,17,75,48,21,75,52,23,63,42,22
TRINITY ISD,55,29,10,57,31,10,43,20,3,55,28,10,57,26,5,57,43,27
CENTERVILLE ISD,81,53,26,83,51,23,58,11,0,81,56,21,85,69,46,86,57,38
APPLE SPRINGS ISD,58,31,8,64,38,13,33,11,0,54,28,7,71,44,9,67,20,0
COLMESNEIL ISD,71,42,17,71,46,21,54,29,6,77,43,20,74,47,17,64,30,10
WOODVILLE ISD,65,35,13,63,36,13,59,27,7,67,36,14,71,33,11,60,33,14
WARREN ISD,71,41,16,70,46,18,61,26,5,71,37,15,81,50,21,67,38,18
SPURGER ISD,63,32,10,63,36,9,42,16,2,60,25,8,80,42,12,71,41,24
CHESTER ISD,69,40,16,66,41,20,64,33,6,70,34,14,78,49,18,70,50,18
BIG SANDY ISD,71,42,17,68,42,16,69,33,7,78,45,21,75,44,21,59,33,17
GILMER ISD,69,44,19,65,40,14,54,26,6,73,46,23,78,51,24,76,55,34
ORE CITY ISD,65,35,15,65,37,14,38,19,1,65,29,11,81,46,21,67,46,33
UNION HILL ISD,65,33,11,69,43,17,66,39,12,62,25,8,73,23,2,52,27,6
HARMONY ISD,79,51,23,77,50,22,73,46,14,82,49,24,84,57,26,79,63,31
NEW DIANA ISD,80,54,25,81,61,28,71,42,14,80,50,22,86,58,23,77,52,32
UNION GROVE ISD,83,55,25,84,57,23,67,35,11,83,55,27,88,62,27,84,56,35
MCCAMEY ISD,55,26,9,58,30,10,34,11,0,57,23,10,45,15,1,72,48,23
RANKIN ISD,77,46,15,72,47,16,62,36,10,83,48,17,79,37,11,82,51,19
KNIPPA ISD,86,57,29,86,63,30,83,39,20,90,63,33,83,46,20,78,50,26
SABINAL ISD,60,29,9,57,33,10,43,26,6,61,25,9,66,23,7,70,35,14
UVALDE CISD,49,23,8,51,27,9,37,11,2,44,19,7,51,22,7,61,33,14
UTOPIA ISD,70,41,14,79,51,19,71,34,9,60,28,10,67,49,9,67,37,19
SAN FELIPE-DEL RIO CISD,59,31,11,62,36,11,51,21,4,54,25,9,60,30,10,65,43,24
COMSTOCK ISD,75,48,24,80,58,30,64,38,13,67,32,15,84,60,30,86,54,32
RANCH ACADEMY,57,33,4,57,43,4,-1,-1,-1,63,13,0,63,25,0,50,29,7
CANTON ISD,81,54,25,81,58,26,67,39,8,82,49,23,86,59,31,84,64,39
EDGEWOOD ISD,78,45,15,78,50,18,77,41,11,74,36,13,84,50,13,79,49,18
GRAND SALINE ISD,68,39,14,64,37,11,61,32,5,68,39,15,69,37,12,83,60,31
MARTINS MILL ISD,82,55,27,81,56,23,69,35,10,87,60,31,80,52,25,82,61,47
VAN ISD,71,43,16,71,45,16,63,32,7,72,41,16,75,46,17,70,42,20
WILLS POINT ISD,66,36,13,63,37,13,52,23,6,67,33,13,76,47,20,69,42,15
FRUITVALE ISD,63,34,11,63,38,10,50,21,0,61,27,9,73,43,17,71,42,22
BLOOMINGTON ISD,40,15,4,42,19,3,37,10,0,36,11,4,46,13,2,41,24,9
VICTORIA ISD,56,30,12,59,35,13,51,21,4,51,24,10,61,33,12,61,37,21
NURSERY ISD,94,66,41,98,75,43,82,50,23,96,73,55,90,43,14,,,
RAVEN SCHOOL,8,0,0,0,0,0,,,,0,0,0,20,0,0,0,0,0
SAM HOUSTON STATE UNIVERSITY CHART,81,60,33,83,61,35,69,47,11,86,65,39,65,50,23,,,
NEW WAVERLY ISD,73,41,16,75,50,22,64,31,8,72,37,14,70,32,10,76,45,20
HUNTSVILLE ISD,60,34,12,63,39,13,44,19,3,56,25,9,64,36,12,69,43,23
HEMPSTEAD ISD,41,18,5,42,21,6,27,9,2,41,16,6,46,19,5,44,21,7
WALLER ISD,65,36,15,65,37,14,50,24,6,64,31,12,74,45,20,74,49,27
ROYAL ISD,52,24,7,49,24,7,35,12,1,56,24,8,55,25,8,58,30,11
MONAHANS-WICKETT-PYOTE ISD,64,35,13,61,36,12,52,22,6,67,34,14,67,38,13,73,43,22
GRANDFALLS-ROYALTY ISD,55,25,6,58,37,7,37,11,0,49,18,6,67,7,0,67,33,19
BRENHAM ISD,72,46,21,67,43,18,65,35,11,78,51,26,76,48,22,73,50,28
BURTON ISD,79,53,24,78,54,21,63,40,5,85,58,33,88,54,21,67,48,29
TRIUMPH PUBLIC HIGH SCHOOLS-LAREDO,37,13,3,27,9,1,,,,40,7,0,37,7,0,55,24,10
LAREDO ISD,54,28,10,56,31,10,48,24,5,49,22,9,60,29,10,59,32,15
UNITED ISD,64,35,13,67,41,14,56,27,7,58,27,11,69,37,13,71,40,17
WEBB CISD,55,28,9,60,37,11,51,30,3,48,23,9,52,14,3,69,29,13
BOLING ISD,76,44,14,73,46,12,70,32,7,77,40,16,80,46,12,86,58,28
EAST BERNARD ISD,85,57,26,83,62,24,73,40,10,86,52,26,90,61,30,88,64,38
EL CAMPO ISD,68,41,18,65,40,16,60,30,10,72,44,23,69,41,15,72,45,24
WHARTON ISD,56,30,10,54,33,9,37,14,4,57,29,11,61,26,7,69,39,17
LOUISE ISD,76,43,15,74,47,16,72,35,9,78,44,15,77,34,8,82,48,27
SHAMROCK ISD,68,36,14,67,39,14,71,29,2,64,25,10,78,56,27,67,33,16
WHEELER ISD,80,50,20,82,55,18,83,36,16,84,56,28,71,47,15,71,31,12
KELTON ISD,67,42,18,71,52,18,65,30,9,63,36,19,61,33,11,73,53,33
FORT ELLIOTT CISD,80,55,25,77,55,24,70,43,22,82,56,29,84,52,20,88,71,24
BURKBURNETT ISD,64,36,14,60,34,12,55,22,5,67,36,16,71,43,16,71,43,25
ELECTRA ISD,68,35,14,71,41,17,74,34,2,69,35,16,64,28,7,48,28,16
IOWA PARK CISD,81,54,24,79,52,19,69,34,7,86,58,29,84,58,28,83,63,34
WICHITA FALLS ISD,60,34,14,59,36,13,48,20,5,60,32,14,67,38,16,67,46,28
CITY VIEW ISD,70,41,16,68,40,15,55,28,5,74,41,16,80,54,26,67,39,19
HARROLD ISD,70,42,13,67,45,15,67,28,6,71,40,8,78,65,30,71,24,12
VERNON ISD,56,29,11,56,31,10,42,18,3,56,27,12,62,30,12,63,35,20
NORTHSIDE ISD,78,43,18,77,48,21,60,14,0,82,46,21,83,43,15,76,52,28
LASARA ISD,49,20,7,65,30,10,33,10,2,35,10,4,51,23,5,53,25,10
LYFORD CISD,58,28,9,62,34,11,54,18,4,49,17,5,60,31,12,67,41,17
RAYMONDVILLE ISD,66,32,10,70,39,12,54,22,2,64,28,9,69,29,7,63,34,16
SAN PERLITA ISD,75,46,16,73,48,15,56,26,0,73,43,19,81,49,12,89,59,24
MERIDIAN WORLD SCHOOL LLC,86,62,32,89,70,37,83,52,21,82,55,27,88,64,32,90,67,45
GOODWATER MONTESSORI SCHOOL,49,21,6,61,27,12,52,26,4,34,13,3,52,22,0,57,29,0
FLORENCE ISD,60,33,13,59,35,13,49,21,4,66,33,16,64,36,10,56,32,14
GEORGETOWN ISD,64,38,15,65,41,16,57,29,8,61,31,12,69,40,15,73,50,28
GRANGER ISD,64,30,10,63,37,9,59,21,4,67,25,9,63,22,10,66,39,26
HUTTO ISD,68,40,15,69,44,16,62,33,9,63,31,12,74,45,16,75,53,31
JARRELL ISD,53,26,6,56,31,7,45,19,3,52,20,5,53,24,6,57,32,12
LIBERTY HILL ISD,79,51,23,79,55,24,71,40,12,78,45,19,83,56,30,82,60,39
ROUND ROCK ISD,79,58,31,80,62,32,72,47,19,76,52,29,83,63,36,86,67,45
TAYLOR ISD,52,27,9,55,31,9,41,15,3,47,20,6,56,27,9,62,39,20
THRALL ISD,83,56,26,83,59,26,74,35,8,85,58,28,82,54,26,91,59,33
LEANDER ISD,79,56,29,79,58,28,68,40,14,77,51,25,85,61,33,89,72,47
COUPLAND ISD,76,45,20,81,49,28,70,35,15,78,50,17,65,44,21,63,16,0
FLORESVILLE ISD,64,36,13,64,39,12,50,22,5,63,32,13,67,38,12,77,49,25
LA VERNIA ISD,83,59,29,81,57,24,78,48,18,87,63,33,87,65,33,80,58,38
POTH ISD,89,66,33,91,68,34,85,54,15,90,68,36,87,65,31,92,65,40
STOCKDALE ISD,77,47,19,78,52,22,62,31,8,77,44,17,78,47,16,86,56,31
KERMIT ISD,60,32,10,55,31,9,48,18,1,63,31,11,72,37,14,65,43,16
WINK-LOVING ISD,75,46,20,71,46,16,68,31,8,82,52,29,72,47,13,78,42,20
ALVORD ISD,84,55,23,83,56,24,75,32,6,87,60,26,88,59,30,78,53,20
BOYD ISD,69,39,15,69,42,15,60,27,4,70,36,15,75,42,14,72,44,30
BRIDGEPORT ISD,71,42,16,69,43,15,53,30,4,76,42,15,76,45,21,75,47,23
CHICO ISD,69,38,13,71,44,15,63,23,5,68,39,17,69,29,5,72,44,15
DECATUR ISD,71,43,17,71,45,16,64,34,8,72,40,18,74,48,19,70,48,30
PARADISE ISD,87,60,27,88,63,28,78,45,5,88,60,29,89,65,32,84,57,34
SLIDELL ISD,64,39,15,66,45,18,50,32,2,63,35,14,66,37,11,69,35,24
HAWKINS ISD,73,43,18,70,46,18,67,29,7,75,43,19,84,51,22,67,37,17
MINEOLA ISD,80,53,23,77,50,21,66,39,9,85,55,24,82,57,27,92,68,42
QUITMAN ISD,72,44,18,74,50,20,55,24,5,70,36,16,74,47,20,78,55,26
YANTIS ISD,64,34,12,63,37,14,55,15,2,63,33,10,73,36,17,64,41,18
ALBA-GOLDEN ISD,71,38,15,72,43,18,66,30,7,72,39,14,74,36,17,52,19,12
WINNSBORO ISD,73,44,18,69,44,16,59,23,6,74,46,20,78,45,15,85,60,35
DENVER CITY ISD,66,36,12,64,37,12,62,30,9,64,33,13,75,41,13,67,40,17
PLAINS ISD,65,36,12,63,38,14,56,23,6,63,35,12,71,38,10,80,40,17
GRAHAM ISD,74,47,21,71,46,18,54,22,3,80,50,25,75,49,20,83,58,32
NEWCASTLE ISD,82,53,23,80,50,16,70,38,5,86,56,32,80,53,24,95,86,45
OLNEY ISD,81,58,27,80,59,24,84,60,30,78,52,24,86,59,30,87,67,46
ZAPATA COUNTY ISD,49,24,9,50,27,9,39,13,4,46,21,8,49,22,8,61,29,13
CRYSTAL CITY ISD,44,19,5,47,26,6,30,9,0,35,10,3,51,16,2,60,30,10
LA PRYOR ISD,51,24,6,57,31,8,55,18,2,46,17,6,46,19,3,54,32,6