DISTRICT ACCOUNTABILITY RATINGS,TOTAL STUDENTS_y,ATTENDANCE RATE (2020-21),4-YR LONGITUDINAL GRADUATION RATE (CLASS OF 2021) DISTRICT EXCL,STAAR: % ELA/READING AT APPROACHES GRADE LEVEL STANDARD OR ABOVE_y,STAAR: % ELA/READING AT MEETS GRADE LEVEL STANDARD OR ABOVE_y,STAAR: % ELA/READING AT MASTERS GRADE LEVEL STANDARD_y,STAAR: % MATHEMATICS AT APPROACHES GRADE LEVEL STANDARD OR ABOVE_y,STAAR: % MATHEMATICS AT MEETS GRADE LEVEL STANDARD OR ABOVE_y,STAAR: % MATHEMATICS AT MASTERS GRADE LEVEL STANDARD_y,COLLEGE ADMISSIONS: % TESTED (2020-2021),COLLEGE ADMISSIONS: % AT/ABOVE CRITERION (2020-2021),Change in STAAR: % ALL SUBJECTS AT MASTERS GRADE LEVEL STANDARD,Change in STAAR: % ALL SUBJECTS AT MEETS GRADE LEVEL STANDARD OR ABOVE,Change in STAAR: % ALL SUBJECTS AT APPROACHES GRADE LEVEL STANDARD OR ABOVE
A,574,96.7,100.0,81.0,67.0,39.0,88.0,65.0,34.0,58.3,19.0,0.0,0.0,0.0
A,1150,96.0,100.0,85.0,64.0,34.0,84.0,49.0,23.0,51.6,27.7,0.0,0.0,0.0
A,808,95.4,95.2,84.0,63.0,24.0,85.0,57.0,26.0,92.7,36.8,0.0,0.0,0.0
A,342,95.8,95.8,87.0,67.0,30.0,94.0,69.0,27.0,87.0,15.0,0.0,0.0,0.0
B,3360,93.7,99.0,72.0,48.0,20.0,75.0,44.0,20.0,43.3,49.4,0.0,0.0,0.0
B,1332,94.5,97.8,70.0,45.0,19.0,66.0,34.0,14.0,40.0,28.9,0.0,0.0,0.0
B,361,96.7,100.0,86.0,66.0,31.0,81.0,42.0,19.0,12.5,-1.0,0.0,0.0,0.0
B,4131,92.8,96.8,75.0,50.0,22.0,76.0,44.0,21.0,42.0,35.8,0.0,0.0,0.0
A,995,97.3,100.0,82.0,60.0,31.0,81.0,53.0,29.0,9.6,60.0,0.0,0.0,0.0
A,2799,95.2,94.1,84.0,62.0,31.0,88.0,62.0,33.0,38.3,60.0,0.0,0.0,0.0
B,7318,93.0,92.0,69.0,46.0,20.0,66.0,37.0,18.0,86.7,22.6,0.0,0.0,0.0
B,1612,95.7,95.4,76.0,50.0,21.0,77.0,43.0,20.0,41.3,39.5,0.0,0.0,0.0
A,1744,97.0,98.2,76.0,48.0,18.0,80.0,44.0,17.0,56.0,27.9,0.0,0.0,0.0
B,300,93.5,92.6,77.0,57.0,28.0,68.0,26.0,12.0,33.3,37.5,0.0,0.0,0.0
A,1451,94.3,97.8,75.0,52.0,23.0,74.0,41.0,18.0,68.2,26.7,0.0,0.0,0.0
B,3005,92.5,91.3,67.0,43.0,19.0,62.0,32.0,15.0,53.7,24.2,0.0,0.0,0.0
A,506,99.6,81.8,90.0,74.0,37.0,91.0,67.0,41.0,78.6,22.7,0.0,0.0,0.0
A,1126,97.4,98.7,85.0,66.0,35.0,86.0,61.0,32.0,80.6,48.3,0.0,0.0,0.0
A,530,97.5,100.0,89.0,68.0,37.0,93.0,73.0,36.0,82.8,41.7,0.0,0.0,0.0
A,307,94.9,100.0,91.0,62.0,32.0,90.0,64.0,42.0,50.0,8.3,0.0,0.0,0.0
B,397,96.6,83.3,71.0,43.0,11.0,68.0,38.0,15.0,-1.0,25.0,0.0,0.0,0.0
A,1569,94.5,97.1,82.0,62.0,30.0,80.0,50.0,27.0,32.7,34.4,0.0,0.0,0.0
B,1740,91.9,91.4,68.0,38.0,14.0,60.0,22.0,9.0,16.3,35.7,0.0,0.0,0.0
B,3374,93.8,97.1,73.0,49.0,21.0,71.0,39.0,16.0,62.4,31.1,0.0,0.0,0.0
C,1676,90.2,93.2,65.0,40.0,15.0,52.0,21.0,7.0,74.3,8.0,0.0,0.0,0.0
C,2191,95.5,99.4,76.0,50.0,21.0,68.0,35.0,14.0,26.8,47.9,0.0,0.0,0.0
B,2814,94.4,96.3,73.0,48.0,20.0,74.0,40.0,16.0,40.9,38.9,0.0,0.0,0.0
B,766,96.0,98.0,79.0,55.0,21.0,82.0,52.0,24.0,38.0,21.1,0.0,0.0,0.0
A,1347,94.2,100.0,70.0,43.0,17.0,62.0,34.0,16.0,100.0,20.7,0.0,0.0,0.0
C,265,95.7,96.2,79.0,53.0,24.0,72.0,39.0,11.0,41.7,40.0,0.0,0.0,0.0
Not Rated: Senate Bill 1365,2301,95.2,81.2,70.0,45.0,19.0,61.0,28.0,11.0,30.5,42.5,0.0,0.0,0.0
C,11947,92.0,95.9,60.0,37.0,14.0,59.0,29.0,10.0,64.8,20.6,0.0,0.0,0.0
C,4985,92.0,89.6,59.0,35.0,12.0,55.0,20.0,7.0,92.7,11.7,0.0,0.0,0.0
B,1780,92.9,92.1,74.0,51.0,21.0,71.0,37.0,15.0,23.0,31.0,0.0,0.0,0.0
B,319,97.6,92.3,71.0,41.0,20.0,60.0,30.0,11.0,83.3,10.0,0.0,0.0,0.0
A,618,95.7,95.5,88.0,65.0,29.0,92.0,66.0,37.0,87.8,36.1,0.0,0.0,0.0
B,401,96.7,,80.0,52.0,29.0,69.0,26.0,7.0,,,0.0,0.0,0.0
B,2996,87.1,86.8,74.0,47.0,19.0,65.0,27.0,9.0,32.7,20.3,0.0,0.0,0.0
B,498,96.8,,78.0,57.0,30.0,64.0,38.0,14.0,,,0.0,0.0,0.0
B,377,96.2,100.0,77.0,48.0,22.0,75.0,43.0,16.0,16.7,-1.0,0.0,0.0,0.0
A,785,93.8,94.8,86.0,59.0,26.0,78.0,47.0,15.0,38.2,19.0,0.0,0.0,0.0
C,1590,68.3,19.5,31.0,12.0,1.0,29.0,3.0,1.0,0.7,-1.0,0.0,0.0,0.0
B,836,96.2,90.9,75.0,52.0,23.0,58.0,28.0,10.0,10.0,-1.0,0.0,0.0,0.0
A,1900,97.9,91.8,94.0,78.0,43.0,88.0,56.0,26.0,82.6,57.7,0.0,0.0,0.0
B,1749,93.4,95.5,81.0,59.0,29.0,78.0,44.0,19.0,32.5,40.5,0.0,0.0,0.0
B,394,95.2,100.0,66.0,35.0,10.0,51.0,16.0,3.0,100.0,8.3,0.0,0.0,0.0
B,13298,94.7,97.4,77.0,55.0,25.0,71.0,39.0,17.0,88.3,32.6,0.0,0.0,0.0
A,656,96.0,98.0,85.0,62.0,28.0,90.0,62.0,29.0,68.6,42.9,0.0,0.0,0.0
C,43839,91.8,88.6,72.0,47.0,19.0,66.0,33.0,13.0,62.3,30.0,0.0,0.0,0.0
B,893,95.9,96.9,80.0,55.0,25.0,76.0,38.0,16.0,40.3,32.0,0.0,0.0,0.0
B,2233,95.6,98.8,81.0,58.0,28.0,78.0,46.0,22.0,55.9,64.4,0.0,0.0,0.0
C,8395,92.9,92.8,65.0,39.0,18.0,66.0,34.0,15.0,57.2,19.7,0.0,0.0,0.0
A,1636,96.0,99.1,80.0,53.0,23.0,81.0,52.0,23.0,67.0,28.8,0.0,0.0,0.0
B,124,79.2,64.7,51.0,29.0,4.0,65.0,18.0,9.0,0.0,,0.0,0.0,0.0
B,776,92.8,100.0,50.0,28.0,13.0,43.0,17.0,5.0,85.2,0.0,0.0,0.0,0.0
A,149,93.8,100.0,89.0,79.0,12.0,83.0,38.0,19.0,20.0,25.0,0.0,0.0,0.0
C,353,90.0,100.0,54.0,30.0,8.0,43.0,10.0,3.0,14.3,-1.0,0.0,0.0,0.0
B,794,90.2,81.5,59.0,34.0,14.0,46.0,16.0,6.0,40.8,19.4,0.0,0.0,0.0
B,636,92.5,88.0,75.0,49.0,22.0,54.0,18.0,7.0,74.4,12.5,0.0,0.0,0.0
Not Rated: Senate Bill 1365,261,94.7,,47.0,20.0,9.0,34.0,13.0,4.0,,,0.0,0.0,0.0
Not Rated: Senate Bill 1365,93,64.2,30.2,46.0,22.0,0.0,44.0,19.0,4.0,0.0,,0.0,0.0,0.0
A,572,97.3,100.0,73.0,47.0,22.0,73.0,37.0,16.0,95.0,7.9,0.0,0.0,0.0
C,5764,95.1,92.5,62.0,35.0,15.0,51.0,22.0,9.0,100.0,7.8,0.0,0.0,0.0
Not Rated: Senate Bill 1365,408,93.8,,50.0,28.0,11.0,38.0,11.0,5.0,,,0.0,0.0,0.0
A,3972,98.5,97.3,80.0,55.0,30.0,72.0,40.0,18.0,63.5,48.9,0.0,0.0,0.0
B,4459,96.0,98.7,69.0,45.0,19.0,69.0,35.0,15.0,55.6,34.9,0.0,0.0,0.0
B,3141,92.9,96.1,73.0,48.0,21.0,54.0,20.0,7.0,48.8,14.5,0.0,0.0,0.0
A,5288,98.9,100.0,84.0,60.0,34.0,75.0,43.0,20.0,75.8,24.0,0.0,0.0,0.0
A,93,81.4,74.2,77.0,63.0,9.0,57.0,13.0,0.0,40.0,25.0,0.0,0.0,0.0
A,3421,98.1,100.0,97.0,88.0,65.0,95.0,79.0,52.0,100.0,97.7,0.0,0.0,0.0
A,8136,97.6,96.7,90.0,68.0,39.0,83.0,50.0,24.0,100.0,68.1,0.0,0.0,0.0
B,489,98.8,,96.0,84.0,62.0,89.0,69.0,36.0,,,0.0,0.0,0.0
C,1836,92.7,,61.0,37.0,15.0,44.0,15.0,4.0,,,0.0,0.0,0.0
Not Rated: Senate Bill 1365,262,86.8,,65.0,42.0,30.0,33.0,9.0,2.0,,,0.0,0.0,0.0
C,205,91.1,,68.0,37.0,19.0,42.0,11.0,0.0,,,0.0,0.0,0.0
Not Rated: Senate Bill 1365,465,92.4,,51.0,23.0,15.0,18.0,4.0,3.0,,,0.0,0.0,0.0
Not Rated,111,,,,,,,,,,,,,
Not Rated,30,,,,,,,,,,,,,
A,4788,96.5,95.6,88.0,72.0,40.0,85.0,58.0,30.0,68.2,66.7,0.0,0.0,0.0
B,12078,85.4,90.0,66.0,38.0,14.0,62.0,26.0,9.0,85.3,16.1,0.0,0.0,0.0
C,8383,93.1,86.6,53.0,29.0,10.0,45.0,18.0,7.0,28.0,13.2,0.0,0.0,0.0
B,1027,95.6,98.2,82.0,54.0,20.0,80.0,38.0,13.0,64.8,31.4,11.0,26.0,32.0
C,8383,93.1,86.6,53.0,29.0,10.0,45.0,18.0,7.0,28.0,13.2,-11.0,-26.0,-32.0
B,1027,95.6,98.2,82.0,54.0,20.0,80.0,38.0,13.0,64.8,31.4,0.0,0.0,0.0
A,1458,97.2,99.2,93.0,74.0,37.0,90.0,58.0,28.0,97.5,35.0,0.0,0.0,0.0
B,44568,89.1,87.2,59.0,35.0,13.0,54.0,22.0,9.0,79.0,11.6,0.0,0.0,0.0
C,7919,91.8,81.4,55.0,31.0,10.0,49.0,18.0,7.0,79.1,8.8,0.0,0.0,0.0
A,3955,94.5,88.3,74.0,50.0,21.0,79.0,47.0,24.0,88.4,12.4,0.0,0.0,0.0
B,59445,95.5,90.8,80.0,60.0,30.0,77.0,47.0,23.0,61.5,51.2,0.0,0.0,0.0
Not Rated: Senate Bill 1365,10002,89.0,89.7,61.0,34.0,11.0,54.0,21.0,7.0,25.3,35.8,0.0,0.0,0.0
B,13165,97.8,96.5,69.0,44.0,18.0,63.0,29.0,11.0,86.4,9.2,0.0,0.0,0.0
B,910,98.0,97.3,86.0,62.0,28.0,79.0,41.0,18.0,100.0,34.0,0.0,0.0,0.0
A,1635,97.5,100.0,89.0,70.0,36.0,81.0,49.0,22.0,100.0,32.3,0.0,0.0,0.0
B,101584,96.9,93.6,76.0,53.0,24.0,69.0,35.0,14.0,65.9,35.6,0.0,0.0,0.0
B,236,97.5,100.0,82.0,52.0,22.0,81.0,40.0,17.0,76.9,10.0,-3.0,-3.0,5.0
B,101584,96.9,93.6,76.0,53.0,24.0,69.0,35.0,14.0,65.9,35.6,3.0,3.0,-5.0
B,236,97.5,100.0,82.0,52.0,22.0,81.0,40.0,17.0,76.9,10.0,0.0,0.0,0.0
B,24517,96.4,87.2,71.0,45.0,19.0,64.0,28.0,11.0,89.4,16.9,0.0,0.0,0.0
B,5516,94.2,88.5,65.0,40.0,16.0,67.0,36.0,17.0,76.9,10.0,0.0,0.0,0.0
A,697,95.7,100.0,84.0,63.0,30.0,82.0,48.0,21.0,64.9,41.7,0.0,0.0,0.0
B,1058,95.0,97.5,79.0,55.0,27.0,79.0,45.0,17.0,100.0,24.1,0.0,0.0,0.0
A,245,96.4,100.0,96.0,75.0,35.0,94.0,69.0,32.0,90.9,45.0,0.0,0.0,0.0
B,1024,96.9,98.4,80.0,55.0,27.0,76.0,36.0,16.0,63.1,41.5,0.0,0.0,0.0
Not Rated: Senate Bill 1365,392,95.3,90.9,74.0,42.0,19.0,57.0,23.0,9.0,81.3,3.8,0.0,0.0,0.0
B,139,94.4,93.8,66.0,37.0,18.0,43.0,23.0,8.0,73.3,18.2,0.0,0.0,0.0
B,618,96.2,97.1,77.0,53.0,23.0,77.0,44.0,18.0,44.4,12.5,0.0,0.0,0.0
B,178,92.0,100.0,61.0,34.0,12.0,59.0,35.0,12.0,44.4,-1.0,0.0,0.0,0.0
B,133,97.6,100.0,88.0,67.0,24.0,79.0,44.0,23.0,90.9,10.0,0.0,0.0,0.0
Not Rated: Senate Bill 1365,179,94.2,76.9,74.0,46.0,20.0,43.0,18.0,6.0,100.0,16.7,0.0,0.0,0.0
B,132,95.1,100.0,65.0,44.0,24.0,79.0,49.0,20.0,100.0,10.0,0.0,0.0,0.0
B,783,94.6,94.4,69.0,45.0,21.0,82.0,47.0,21.0,100.0,11.1,0.0,0.0,0.0
B,886,94.8,98.7,87.0,62.0,29.0,81.0,51.0,21.0,44.7,47.1,0.0,0.0,0.0
A,474,95.4,100.0,87.0,63.0,36.0,85.0,47.0,21.0,80.0,25.0,0.0,0.0,0.0
B,1196,94.5,96.1,71.0,46.0,19.0,67.0,36.0,15.0,50.0,10.0,0.0,0.0,0.0
A,1099,95.5,95.2,84.0,59.0,28.0,91.0,64.0,27.0,100.0,31.1,0.0,0.0,0.0
B,7126,92.9,81.7,70.0,47.0,21.0,67.0,34.0,15.0,45.7,36.9,0.0,0.0,0.0
C,2131,93.2,93.1,62.0,35.0,13.0,57.0,23.0,8.0,79.0,6.1,0.0,0.0,0.0
A,473,96.7,100.0,85.0,60.0,27.0,88.0,50.0,24.0,61.0,20.0,0.0,0.0,0.0
B,208,97.2,,96.0,62.0,34.0,89.0,57.0,17.0,,,0.0,0.0,0.0
A,500,97.2,,95.0,79.0,54.0,95.0,68.0,32.0,,,0.0,0.0,0.0
A,2313,96.3,98.9,90.0,74.0,42.0,91.0,66.0,35.0,86.8,46.9,0.0,0.0,0.0
B,69,96.7,,79.0,62.0,32.0,85.0,56.0,24.0,,,0.0,0.0,0.0
B,440,95.8,100.0,79.0,57.0,28.0,71.0,34.0,16.0,34.6,44.4,-4.0,-8.0,-4.0
B,69,96.7,,79.0,62.0,32.0,85.0,56.0,24.0,,,4.0,8.0,4.0
B,440,95.8,100.0,79.0,57.0,28.0,71.0,34.0,16.0,34.6,44.4,0.0,0.0,0.0
C,105,98.6,,95.0,73.0,27.0,62.0,24.0,11.0,,,0.0,0.0,0.0
B,27955,96.5,98.2,78.0,56.0,27.0,74.0,44.0,21.0,61.2,37.9,0.0,0.0,0.0
A,6748,97.4,96.5,80.0,57.0,26.0,77.0,45.0,20.0,40.5,27.4,0.0,0.0,0.0
B,772,95.0,97.0,81.0,58.0,24.0,80.0,40.0,17.0,29.2,52.6,0.0,0.0,0.0
B,11451,94.3,91.2,74.0,50.0,23.0,77.0,47.0,22.0,43.1,32.1,0.0,0.0,0.0
B,1851,95.0,99.2,76.0,53.0,23.0,71.0,40.0,14.0,82.0,25.7,0.0,0.0,0.0
B,2911,95.8,98.2,71.0,48.0,20.0,72.0,38.0,16.0,36.7,29.0,0.0,0.0,0.0
A,20930,97.2,99.0,87.0,71.0,41.0,87.0,63.0,37.0,57.4,63.8,0.0,0.0,0.0
B,116,97.3,,65.0,37.0,18.0,71.0,42.0,21.0,,,0.0,0.0,0.0
C,330,94.5,,70.0,39.0,22.0,72.0,31.0,16.0,,,0.0,0.0,0.0
A,609,94.6,,78.0,53.0,30.0,74.0,38.0,15.0,,,0.0,0.0,0.0
B,14138,95.6,94.7,82.0,62.0,33.0,82.0,58.0,33.0,63.2,65.0,0.0,0.0,0.0
B,16005,93.1,91.0,66.0,41.0,17.0,64.0,32.0,14.0,60.4,28.0,0.0,0.0,0.0
C,111,91.9,100.0,38.0,23.0,11.0,43.0,12.0,8.0,87.5,42.9,0.0,0.0,0.0
B,970,95.6,92.5,85.0,61.0,28.0,74.0,42.0,18.0,66.1,34.1,0.0,0.0,0.0
A,57,96.1,-1.0,73.0,48.0,18.0,68.0,28.0,0.0,-1.0,-1.0,0.0,0.0,0.0
A,9,-1.0,,100.0,100.0,57.0,100.0,71.0,29.0,,,0.0,0.0,0.0
A,187,97.0,100.0,84.0,64.0,32.0,87.0,62.0,36.0,92.3,0.0,0.0,0.0,0.0
B,1340,95.3,96.7,64.0,39.0,14.0,54.0,23.0,10.0,33.7,3.2,0.0,0.0,0.0
B,869,95.3,98.4,80.0,61.0,28.0,83.0,47.0,20.0,57.4,40.0,0.0,0.0,0.0
B,3448,93.9,95.3,74.0,49.0,21.0,73.0,43.0,20.0,57.4,26.7,0.0,0.0,0.0
C,147,96.1,100.0,60.0,36.0,17.0,45.0,16.0,7.0,75.0,22.2,0.0,0.0,0.0
A,227,96.2,100.0,84.0,58.0,25.0,74.0,36.0,10.0,66.7,31.3,0.0,0.0,0.0
B,212,95.1,100.0,84.0,52.0,27.0,75.0,35.0,16.0,12.5,-1.0,0.0,0.0,0.0
A,191,94.9,100.0,70.0,48.0,23.0,66.0,35.0,14.0,60.0,0.0,0.0,0.0,0.0
A,1136,96.2,98.6,90.0,68.0,35.0,86.0,59.0,27.0,33.3,54.2,0.0,0.0,0.0
A,1833,93.6,95.0,81.0,57.0,25.0,83.0,54.0,26.0,41.2,36.2,0.0,0.0,0.0
B,541,94.2,96.6,56.0,34.0,11.0,62.0,29.0,11.0,50.0,15.4,0.0,0.0,0.0
A,529,98.4,97.6,67.0,45.0,23.0,76.0,47.0,26.0,77.8,10.7,0.0,0.0,0.0
B,3262,93.5,97.4,70.0,46.0,19.0,67.0,31.0,12.0,57.1,40.2,0.0,0.0,0.0
B,3995,96.1,97.8,72.0,49.0,21.0,67.0,32.0,13.0,85.3,18.8,0.0,0.0,0.0
C,6117,90.6,93.0,62.0,36.0,14.0,67.0,30.0,12.0,78.9,15.7,0.0,0.0,0.0
B,1425,93.3,95.6,66.0,40.0,17.0,67.0,30.0,14.0,40.7,22.9,0.0,0.0,0.0
Not Rated: Senate Bill 1365,235,97.4,92.3,47.0,23.0,5.0,27.0,2.0,1.0,100.0,7.7,0.0,0.0,0.0
B,3561,92.2,96.7,76.0,48.0,20.0,77.0,44.0,20.0,27.9,41.9,0.0,0.0,0.0
A,378,95.7,100.0,87.0,59.0,24.0,79.0,54.0,20.0,86.2,20.0,0.0,0.0,0.0
B,1431,95.7,96.8,80.0,56.0,26.0,78.0,45.0,21.0,46.5,19.6,0.0,0.0,0.0
B,293,94.9,94.4,79.0,57.0,22.0,78.0,40.0,18.0,50.0,0.0,0.0,0.0,0.0
A,462,96.7,100.0,86.0,62.0,30.0,78.0,50.0,24.0,100.0,38.9,0.0,0.0,0.0
A,38412,97.1,94.1,74.0,51.0,22.0,74.0,42.0,20.0,26.7,27.7,0.0,0.0,0.0
B,17022,95.8,93.5,75.0,50.0,21.0,71.0,36.0,14.0,19.7,31.6,0.0,0.0,0.0
B,2908,97.4,95.4,77.0,49.0,19.0,69.0,33.0,12.0,13.9,42.9,0.0,0.0,0.0
A,10333,96.2,94.5,80.0,57.0,27.0,78.0,50.0,23.0,28.6,51.6,0.0,0.0,0.0
B,1968,94.0,88.3,74.0,46.0,18.0,66.0,24.0,8.0,90.3,12.2,0.0,0.0,0.0
B,1602,95.4,88.9,69.0,44.0,17.0,61.0,26.0,12.0,47.7,12.9,0.0,0.0,0.0
B,9201,96.0,92.0,65.0,40.0,17.0,61.0,28.0,11.0,80.2,8.6,0.0,0.0,0.0
B,543,95.6,92.2,60.0,33.0,11.0,59.0,26.0,8.0,15.2,0.0,0.0,0.0,0.0
B,848,93.4,94.7,69.0,41.0,18.0,65.0,31.0,12.0,100.0,5.6,0.0,0.0,0.0
A,4251,93.7,98.5,94.0,81.0,39.0,90.0,60.0,31.0,73.9,51.9,0.0,0.0,0.0
A,2352,94.7,100.0,84.0,57.0,25.0,85.0,56.0,27.0,43.0,21.3,0.0,0.0,0.0
A,143,97.8,100.0,87.0,73.0,40.0,93.0,59.0,33.0,100.0,27.3,0.0,0.0,0.0
A,663,97.0,100.0,88.0,68.0,39.0,90.0,72.0,40.0,82.5,36.2,0.0,0.0,0.0
B,339,95.8,100.0,83.0,57.0,22.0,74.0,36.0,11.0,100.0,10.3,0.0,0.0,0.0
B,1906,94.7,98.1,80.0,57.0,24.0,76.0,41.0,20.0,84.6,21.6,0.0,0.0,0.0
B,137,93.9,100.0,70.0,47.0,21.0,68.0,41.0,16.0,50.0,-1.0,0.0,0.0,0.0
A,1146,95.1,100.0,87.0,61.0,29.0,81.0,50.0,19.0,44.4,27.8,0.0,0.0,0.0
B,638,95.1,92.2,80.0,54.0,26.0,79.0,40.0,17.0,29.5,22.2,0.0,0.0,0.0
A,399,94.8,100.0,85.0,61.0,26.0,89.0,55.0,24.0,38.9,42.9,0.0,0.0,0.0
A,933,95.1,100.0,75.0,51.0,21.0,80.0,44.0,17.0,95.5,11.8,0.0,0.0,0.0
A,240,93.6,100.0,85.0,62.0,23.0,79.0,49.0,26.0,53.3,12.5,0.0,0.0,0.0
B,1153,93.6,94.3,65.0,34.0,13.0,64.0,29.0,12.0,83.7,2.8,0.0,0.0,0.0
B,209,95.0,93.3,89.0,64.0,28.0,90.0,58.0,27.0,64.3,0.0,0.0,0.0,0.0
A,250,97.5,100.0,94.0,79.0,53.0,95.0,80.0,42.0,100.0,55.6,0.0,0.0,0.0
A,1389,96.2,99.0,76.0,51.0,21.0,76.0,44.0,18.0,54.9,19.6,0.0,0.0,0.0
A,6796,95.9,98.7,90.0,73.0,41.0,93.0,72.0,44.0,75.6,48.1,0.0,0.0,0.0
B,1540,95.8,100.0,78.0,53.0,26.0,75.0,44.0,18.0,54.4,42.9,0.0,0.0,0.0
B,556,95.1,98.0,69.0,44.0,22.0,78.0,39.0,14.0,77.1,18.9,0.0,0.0,0.0
B,4735,94.5,94.1,69.0,44.0,18.0,65.0,32.0,11.0,72.5,12.3,0.0,0.0,0.0
C,2001,95.3,96.4,76.0,50.0,22.0,74.0,37.0,15.0,88.2,13.4,0.0,0.0,0.0
B,538,96.0,100.0,78.0,50.0,20.0,73.0,38.0,12.0,55.0,0.0,0.0,0.0,0.0
B,258,95.5,100.0,68.0,42.0,16.0,75.0,31.0,13.0,72.7,12.5,0.0,0.0,0.0
A,1013,94.5,87.2,83.0,62.0,29.0,85.0,58.0,31.0,74.6,34.0,0.0,0.0,0.0
B,942,95.5,92.7,83.0,56.0,25.0,81.0,44.0,16.0,75.0,33.3,0.0,0.0,0.0
B,461,95.8,93.8,75.0,49.0,20.0,68.0,34.0,14.0,46.7,14.3,0.0,0.0,0.0
C,151,96.4,100.0,89.0,57.0,19.0,75.0,29.0,8.0,90.9,20.0,0.0,0.0,0.0
B,131,95.4,100.0,67.0,51.0,19.0,79.0,41.0,24.0,37.5,-1.0,0.0,0.0,0.0
A,8394,96.1,99.4,87.0,70.0,40.0,86.0,63.0,37.0,57.7,55.3,19.0,19.0,12.0
B,131,95.4,100.0,67.0,51.0,19.0,79.0,41.0,24.0,37.5,-1.0,-19.0,-19.0,-12.0
A,8394,96.1,99.4,87.0,70.0,40.0,86.0,63.0,37.0,57.7,55.3,0.0,0.0,0.0
B,360,92.8,100.0,56.0,24.0,9.0,53.0,17.0,3.0,41.4,8.3,0.0,0.0,0.0
B,313,96.8,95.8,81.0,51.0,22.0,74.0,31.0,9.0,100.0,32.0,0.0,0.0,0.0
A,238,95.6,100.0,81.0,65.0,30.0,82.0,48.0,25.0,64.3,66.7,0.0,0.0,0.0
B,262,93.7,93.3,77.0,44.0,19.0,73.0,41.0,18.0,61.1,18.2,0.0,0.0,0.0
B,800,94.7,90.1,75.0,52.0,25.0,68.0,38.0,17.0,81.8,16.7,0.0,0.0,0.0
A,253,96.6,100.0,76.0,53.0,20.0,76.0,34.0,10.0,64.3,11.1,0.0,0.0,0.0
B,165,95.0,100.0,74.0,47.0,32.0,70.0,35.0,15.0,85.7,16.7,0.0,0.0,0.0
A,1386,97.5,97.6,96.0,84.0,57.0,93.0,70.0,42.0,100.0,84.1,0.0,0.0,0.0
A,146,97.9,,94.0,70.0,44.0,89.0,70.0,41.0,,,0.0,0.0,0.0
A,21420,97.1,97.7,89.0,74.0,44.0,88.0,68.0,42.0,80.1,68.9,0.0,0.0,0.0
B,4436,95.2,92.4,77.0,52.0,24.0,72.0,40.0,18.0,42.9,32.3,0.0,0.0,0.0
A,3351,96.4,96.3,90.0,73.0,40.0,88.0,57.0,28.0,50.5,54.3,0.0,0.0,0.0
B,2018,97.1,96.1,83.0,62.0,29.0,77.0,42.0,16.0,22.5,44.8,0.0,0.0,0.0
A,65617,97.0,99.0,92.0,79.0,50.0,88.0,68.0,43.0,95.1,65.1,0.0,0.0,0.0
B,23238,95.3,97.2,84.0,64.0,33.0,83.0,57.0,30.0,93.7,51.1,0.0,0.0,0.0
A,4859,96.6,100.0,90.0,73.0,41.0,89.0,64.0,35.0,58.2,49.0,0.0,0.0,0.0
B,49241,98.2,95.1,83.0,67.0,39.0,81.0,56.0,32.0,94.9,59.0,0.0,0.0,0.0
A,6765,95.3,95.6,77.0,56.0,27.0,82.0,54.0,28.0,37.4,41.1,0.0,0.0,0.0
A,21700,97.3,99.4,90.0,71.0,39.0,87.0,60.0,32.0,73.7,62.8,0.0,0.0,0.0
A,18155,96.5,97.7,89.0,73.0,44.0,90.0,68.0,42.0,87.8,50.6,0.0,0.0,0.0
A,5097,95.7,95.9,89.0,72.0,40.0,91.0,64.0,35.0,47.7,62.5,-5.0,-2.0,1.0
A,18155,96.5,97.7,89.0,73.0,44.0,90.0,68.0,42.0,87.8,50.6,5.0,2.0,-1.0
A,5097,95.7,95.9,89.0,72.0,40.0,91.0,64.0,35.0,47.7,62.5,0.0,0.0,0.0
B,958,95.6,96.9,76.0,55.0,29.0,76.0,45.0,21.0,34.9,22.7,0.0,0.0,0.0
B,3335,97.0,97.0,72.0,46.0,20.0,66.0,30.0,11.0,91.5,15.3,0.0,0.0,0.0
A,4335,96.3,100.0,96.0,86.0,54.0,98.0,87.0,59.0,100.0,78.4,0.0,0.0,0.0
B,542,97.0,100.0,84.0,60.0,25.0,79.0,45.0,21.0,71.9,21.7,0.0,0.0,0.0
B,1555,93.3,96.8,75.0,49.0,19.0,71.0,36.0,15.0,89.7,20.4,0.0,0.0,0.0
B,1272,93.2,96.6,72.0,46.0,19.0,70.0,39.0,18.0,90.8,5.1,0.0,0.0,0.0
A,684,97.4,100.0,83.0,59.0,28.0,87.0,57.0,24.0,80.0,35.0,0.0,0.0,0.0
B,347,99.3,,60.0,20.0,0.0,-1.0,-1.0,-1.0,-1.0,,0.0,0.0,0.0
B,9638,96.1,95.1,83.0,61.0,30.0,80.0,50.0,23.0,46.0,53.6,0.0,0.0,0.0
A,27190,96.7,98.5,87.0,70.0,38.0,86.0,60.0,33.0,97.0,42.1,0.0,0.0,0.0
A,1303,95.8,100.0,79.0,52.0,22.0,80.0,47.0,22.0,60.5,28.8,0.0,0.0,0.0
A,740,95.9,93.9,85.0,62.0,27.0,86.0,51.0,22.0,57.8,19.2,0.0,0.0,0.0
A,145,96.3,100.0,73.0,52.0,20.0,86.0,52.0,24.0,57.1,-1.0,0.0,0.0,0.0
B,128,96.3,100.0,85.0,54.0,24.0,76.0,35.0,19.0,63.6,28.6,0.0,0.0,0.0
B,222,95.4,100.0,72.0,42.0,17.0,64.0,27.0,11.0,100.0,35.0,0.0,0.0,0.0
B,225,94.8,100.0,74.0,42.0,16.0,60.0,25.0,5.0,100.0,13.3,0.0,0.0,0.0
B,3138,93.5,94.1,62.0,37.0,13.0,68.0,31.0,12.0,67.2,16.5,0.0,0.0,0.0
A,523,97.8,100.0,93.0,79.0,42.0,92.0,72.0,40.0,90.9,55.0,0.0,0.0,0.0
B,941,96.3,100.0,71.0,45.0,18.0,67.0,32.0,15.0,65.5,15.8,0.0,0.0,0.0
A,3789,95.7,93.5,77.0,52.0,22.0,80.0,45.0,20.0,5.6,23.5,5.0,11.0,9.0
B,941,96.3,100.0,71.0,45.0,18.0,67.0,32.0,15.0,65.5,15.8,-5.0,-11.0,-9.0
A,3789,95.7,93.5,77.0,52.0,22.0,80.0,45.0,20.0,5.6,23.5,0.0,0.0,0.0
B,1140,96.1,98.7,77.0,55.0,25.0,81.0,49.0,23.0,93.4,42.3,0.0,0.0,0.0
B,493,97.3,100.0,86.0,62.0,28.0,88.0,55.0,28.0,50.0,35.7,0.0,0.0,0.0
A,482,97.7,100.0,92.0,73.0,39.0,91.0,67.0,37.0,44.2,36.8,0.0,0.0,0.0
A,56,96.7,,79.0,50.0,21.0,71.0,24.0,6.0,,,0.0,0.0,0.0
C,63,96.3,,89.0,50.0,24.0,79.0,29.0,8.0,,,0.0,0.0,0.0
Not Rated: Senate Bill 1365,213,86.5,85.7,69.0,42.0,11.0,53.0,20.0,4.0,32.0,37.5,0.0,0.0,0.0
B,2689,93.6,88.9,77.0,52.0,25.0,75.0,44.0,18.0,47.0,27.8,0.0,0.0,0.0
B,198,96.6,100.0,79.0,53.0,23.0,70.0,33.0,11.0,69.2,33.3,0.0,0.0,0.0
C,338,96.0,100.0,77.0,43.0,14.0,59.0,27.0,11.0,14.3,-1.0,0.0,0.0,0.0
B,8102,94.3,85.4,75.0,51.0,21.0,73.0,42.0,18.0,93.6,21.7,0.0,0.0,0.0
B,161,94.9,100.0,74.0,44.0,16.0,69.0,29.0,12.0,90.9,20.0,0.0,0.0,0.0
B,1151,94.9,95.5,74.0,48.0,22.0,69.0,38.0,18.0,66.2,7.0,0.0,0.0,0.0
A,729,95.3,100.0,81.0,55.0,21.0,79.0,46.0,25.0,48.9,13.6,0.0,0.0,0.0
B,329,95.5,100.0,68.0,40.0,15.0,54.0,20.0,7.0,42.3,18.2,0.0,0.0,0.0
B,237,92.6,94.1,63.0,28.0,12.0,58.0,19.0,5.0,52.9,0.0,0.0,0.0,0.0
B,484,93.4,96.9,54.0,28.0,9.0,46.0,17.0,6.0,25.0,0.0,0.0,0.0,0.0
B,360,87.4,95.7,70.0,40.0,15.0,52.0,20.0,8.0,86.4,0.0,0.0,0.0,0.0
B,1717,94.6,100.0,65.0,40.0,17.0,67.0,37.0,18.0,58.9,19.7,0.0,0.0,0.0
A,213,95.9,100.0,82.0,62.0,36.0,87.0,62.0,38.0,100.0,13.3,0.0,0.0,0.0
B,486,95.1,100.0,65.0,35.0,15.0,52.0,23.0,11.0,0.0,,0.0,0.0,0.0
B,22183,93.8,97.4,72.0,47.0,21.0,64.0,31.0,13.0,95.4,24.7,0.0,0.0,0.0
B,5037,68.4,13.1,36.0,14.0,0.0,64.0,19.0,4.0,1.0,0.0,0.0,0.0,0.0
B,250,92.7,,73.0,54.0,38.0,75.0,32.0,18.0,,,0.0,0.0,0.0
Not Rated: Senate Bill 1365,1138,95.5,92.6,54.0,28.0,11.0,32.0,8.0,3.0,24.0,16.7,0.0,0.0,0.0
B,5558,95.2,99.3,73.0,47.0,19.0,65.0,30.0,12.0,98.4,12.2,0.0,0.0,0.0
A,2055,98.0,89.7,89.0,69.0,46.0,81.0,57.0,36.0,96.6,32.1,0.0,0.0,0.0
Not Rated: Senate Bill 1365,124,90.4,,60.0,35.0,15.0,55.0,20.0,5.0,,,0.0,0.0,0.0
C,245,93.5,,59.0,32.0,11.0,33.0,13.0,3.0,,,0.0,0.0,0.0
B,4211,95.3,,73.0,44.0,22.0,65.0,33.0,13.0,,,0.0,0.0,0.0
Not Rated,297,82.6,0.0,35.0,17.0,0.0,50.0,5.0,0.0,,,0.0,0.0,0.0
B,1067,85.1,,69.0,39.0,16.0,48.0,15.0,5.0,,,0.0,0.0,0.0
B,202,95.5,-1.0,73.0,46.0,23.0,72.0,32.0,10.0,-1.0,-1.0,0.0,0.0,0.0
B,535,94.1,,75.0,49.0,28.0,63.0,25.0,9.0,,,0.0,0.0,0.0
B,1068,75.5,35.9,55.0,28.0,3.0,60.0,16.0,4.0,14.1,14.0,0.0,0.0,0.0
C,1551,92.9,98.9,60.0,34.0,11.0,54.0,19.0,6.0,97.8,10.2,0.0,0.0,0.0
Not Rated: Senate Bill 1365,1271,91.2,94.0,60.0,31.0,10.0,52.0,15.0,5.0,15.0,16.7,0.0,0.0,0.0
B,654,96.1,97.7,71.0,43.0,14.0,58.0,21.0,4.0,28.6,0.0,0.0,0.0,0.0
C,501,94.8,,71.0,42.0,20.0,58.0,25.0,9.0,,,0.0,0.0,0.0
A,669,82.6,80.7,44.0,24.0,2.0,58.0,9.0,1.0,2.0,16.7,0.0,0.0,0.0
B,1557,96.2,,78.0,49.0,25.0,70.0,33.0,16.0,,,0.0,0.0,0.0
A,316,96.6,,82.0,53.0,30.0,78.0,30.0,8.0,,,0.0,0.0,0.0
B,985,95.7,,75.0,45.0,24.0,66.0,29.0,9.0,,,0.0,0.0,0.0
A,336,91.9,100.0,67.0,33.0,0.0,96.0,79.0,7.0,60.5,62.6,0.0,0.0,0.0
Not Rated: Senate Bill 1365,1256,94.9,,58.0,28.0,12.0,43.0,16.0,4.0,,,0.0,0.0,0.0
B,541,95.5,90.5,74.0,46.0,22.0,59.0,31.0,13.0,90.5,47.4,0.0,0.0,0.0
A,1365,98.1,100.0,90.0,68.0,37.0,81.0,42.0,18.0,86.2,46.0,0.0,0.0,0.0
B,1464,96.9,98.5,65.0,36.0,14.0,55.0,23.0,8.0,85.9,9.1,0.0,0.0,0.0
C,1232,96.3,97.8,73.0,43.0,14.0,53.0,18.0,4.0,100.0,18.8,0.0,0.0,0.0
B,20535,94.7,98.4,69.0,44.0,20.0,57.0,25.0,10.0,100.0,25.3,0.0,0.0,0.0
B,2226,98.2,,85.0,59.0,28.0,70.0,31.0,11.0,42.9,44.4,0.0,0.0,0.0
B,96,90.1,,48.0,33.0,10.0,62.0,24.0,5.0,,,0.0,0.0,0.0
B,24888,97.3,93.7,71.0,47.0,21.0,71.0,41.0,18.0,93.4,29.8,0.0,0.0,0.0
C,7112,96.0,89.6,66.0,41.0,16.0,56.0,23.0,9.0,93.2,14.3,0.0,0.0,0.0
B,143430,92.3,81.1,66.0,43.0,19.0,68.0,39.0,18.0,99.6,17.2,0.0,0.0,0.0
B,7339,97.1,90.6,66.0,40.0,14.0,54.0,24.0,9.0,90.1,12.9,0.0,0.0,0.0
B,11944,93.4,94.0,66.0,41.0,14.0,60.0,27.0,10.0,41.2,17.2,0.0,0.0,0.0
B,52960,95.7,95.2,72.0,49.0,22.0,70.0,38.0,16.0,92.3,26.6,0.0,0.0,0.0
B,27284,95.0,90.7,68.0,45.0,19.0,67.0,36.0,16.0,85.2,19.0,0.0,0.0,0.0
A,6666,98.3,99.3,97.0,86.0,53.0,96.0,78.0,48.0,89.7,88.3,0.0,0.0,0.0
A,826,93.9,98.3,84.0,57.0,24.0,79.0,45.0,19.0,43.9,32.0,-29.0,-30.0,-14.0
A,6666,98.3,99.3,97.0,86.0,53.0,96.0,78.0,48.0,89.7,88.3,29.0,30.0,14.0
A,826,93.9,98.3,84.0,57.0,24.0,79.0,45.0,19.0,43.9,32.0,0.0,0.0,0.0
B,32339,96.1,94.7,63.0,38.0,14.0,61.0,27.0,10.0,92.7,15.1,0.0,0.0,0.0
B,6978,97.4,99.2,70.0,42.0,16.0,63.0,29.0,11.0,88.5,5.1,0.0,0.0,0.0
B,38311,95.4,93.5,68.0,43.0,17.0,71.0,39.0,17.0,85.2,20.2,0.0,0.0,0.0
B,37358,95.3,92.6,74.0,54.0,28.0,71.0,43.0,22.0,76.6,34.9,0.0,0.0,0.0
A,2104,97.2,98.7,91.0,73.0,40.0,86.0,57.0,26.0,70.5,59.2,0.0,0.0,0.0
A,13107,98.6,99.6,92.0,80.0,52.0,92.0,75.0,52.0,86.3,80.0,0.0,0.0,0.0
Not Rated: Senate Bill 1365,149,94.6,-1.0,71.0,33.0,16.0,39.0,8.0,1.0,-1.0,20.0,0.0,0.0,0.0
B,525,95.7,100.0,72.0,46.0,17.0,72.0,37.0,15.0,40.0,18.8,6.0,18.0,14.0
Not Rated: Senate Bill 1365,149,94.6,-1.0,71.0,33.0,16.0,39.0,8.0,1.0,-1.0,20.0,-6.0,-18.0,-14.0
B,525,95.7,100.0,72.0,46.0,17.0,72.0,37.0,15.0,40.0,18.8,0.0,0.0,0.0
A,259,97.2,100.0,97.0,80.0,53.0,96.0,83.0,51.0,100.0,45.5,0.0,0.0,0.0
B,1602,92.6,100.0,56.0,31.0,11.0,49.0,19.0,7.0,24.8,21.9,0.0,0.0,0.0
A,246,96.1,100.0,93.0,62.0,22.0,87.0,57.0,28.0,68.4,38.5,0.0,0.0,0.0
C,3953,93.2,93.2,70.0,41.0,15.0,70.0,34.0,14.0,32.8,12.9,0.0,0.0,0.0
A,152,96.4,,91.0,63.0,31.0,96.0,65.0,24.0,,,0.0,0.0,0.0
B,847,95.7,92.5,72.0,49.0,19.0,68.0,35.0,13.0,95.3,9.8,0.0,0.0,0.0
B,148,94.1,92.3,57.0,30.0,11.0,44.0,16.0,4.0,76.9,10.0,0.0,0.0,0.0
C,695,96.1,,68.0,38.0,22.0,60.0,30.0,14.0,,,0.0,0.0,0.0
B,1344,98.3,,87.0,65.0,35.0,76.0,39.0,18.0,66.7,54.3,0.0,0.0,0.0
B,553,96.8,,88.0,69.0,43.0,83.0,54.0,29.0,,,0.0,0.0,0.0
B,31771,97.0,97.6,76.0,54.0,25.0,68.0,37.0,17.0,93.1,32.6,0.0,0.0,0.0
B,49113,96.0,96.6,84.0,66.0,37.0,79.0,52.0,28.0,70.5,59.0,0.0,0.0,0.0
B,1430,94.9,96.4,75.0,52.0,23.0,72.0,35.0,13.0,56.5,37.7,0.0,0.0,0.0
B,2217,96.4,98.1,75.0,54.0,25.0,75.0,41.0,18.0,75.0,36.7,0.0,0.0,0.0
B,1574,95.5,98.9,79.0,55.0,25.0,83.0,50.0,23.0,76.1,32.9,0.0,0.0,0.0
B,3101,96.0,97.6,81.0,58.0,28.0,77.0,46.0,20.0,61.3,35.9,0.0,0.0,0.0
B,2746,95.2,95.8,82.0,59.0,27.0,79.0,43.0,17.0,62.6,23.5,0.0,0.0,0.0
A,4314,96.9,100.0,93.0,78.0,44.0,93.0,73.0,44.0,71.0,66.1,0.0,0.0,0.0
B,27479,96.4,97.0,83.0,63.0,32.0,79.0,49.0,23.0,87.2,47.4,0.0,0.0,0.0
B,3999,96.0,98.5,76.0,52.0,22.0,71.0,34.0,13.0,51.0,44.7,0.0,0.0,0.0
C,8245,97.2,93.8,73.0,49.0,23.0,67.0,33.0,14.0,98.5,23.1,0.0,0.0,0.0
A,1920,93.6,99.3,74.0,50.0,20.0,73.0,40.0,16.0,33.1,24.5,0.0,0.0,0.0
B,148,96.7,100.0,75.0,55.0,33.0,77.0,44.0,23.0,11.1,-1.0,0.0,0.0,0.0
B,1496,94.4,99.2,77.0,53.0,22.0,84.0,52.0,25.0,21.5,30.8,0.0,0.0,0.0
C,535,94.5,100.0,67.0,39.0,15.0,65.0,30.0,10.0,87.1,18.5,0.0,0.0,0.0
A,71,98.4,,94.0,79.0,47.0,88.0,68.0,32.0,,,0.0,0.0,0.0
A,144,97.2,,93.0,70.0,51.0,93.0,60.0,30.0,,,0.0,0.0,0.0
B,221,94.6,100.0,79.0,62.0,31.0,76.0,42.0,20.0,85.0,17.6,0.0,0.0,0.0
A,86,96.2,-1.0,79.0,57.0,23.0,85.0,55.0,25.0,-1.0,-1.0,0.0,0.0,0.0
B,1920,91.1,94.6,65.0,41.0,15.0,64.0,31.0,11.0,27.9,31.6,0.0,0.0,0.0
B,456,94.3,91.3,83.0,62.0,31.0,83.0,54.0,25.0,100.0,19.0,0.0,0.0,0.0
A,124,96.5,100.0,86.0,59.0,28.0,81.0,60.0,24.0,100.0,8.3,0.0,0.0,0.0
C,26,93.8,,57.0,36.0,21.0,50.0,29.0,14.0,,,0.0,0.0,0.0
C,233,90.9,96.8,74.0,50.0,16.0,49.0,18.0,4.0,48.0,8.3,0.0,0.0,0.0
B,1453,90.3,88.2,65.0,40.0,15.0,66.0,36.0,15.0,85.0,5.9,0.0,0.0,0.0
B,760,95.7,89.1,69.0,42.0,14.0,67.0,30.0,10.0,44.0,18.2,0.0,0.0,0.0
B,812,96.5,100.0,90.0,68.0,36.0,86.0,52.0,27.0,71.9,12.2,0.0,0.0,0.0
B,1078,96.3,99.0,81.0,56.0,23.0,77.0,39.0,14.0,48.4,39.1,0.0,0.0,0.0
B,265,96.0,100.0,74.0,52.0,24.0,70.0,40.0,15.0,92.3,0.0,0.0,0.0,0.0
C,333,88.5,95.5,62.0,36.0,10.0,55.0,23.0,6.0,4.8,-1.0,0.0,0.0,0.0
B,191,94.7,93.3,66.0,40.0,19.0,55.0,25.0,9.0,53.3,37.5,0.0,0.0,0.0
C,1371,95.9,,83.0,56.0,28.0,76.0,40.0,15.0,,,0.0,0.0,0.0
B,763,97.1,,87.0,59.0,28.0,77.0,40.0,18.0,61.7,34.5,0.0,0.0,0.0
B,31762,92.4,85.5,61.0,36.0,15.0,61.0,30.0,12.0,69.4,16.4,0.0,0.0,0.0
B,257,95.2,96.2,62.0,40.0,13.0,55.0,17.0,6.0,100.0,12.5,0.0,0.0,0.0
A,254,95.8,90.0,86.0,64.0,28.0,70.0,40.0,18.0,90.0,0.0,0.0,0.0,0.0
Not Rated: Senate Bill 1365,2582,95.4,96.5,46.0,23.0,8.0,44.0,15.0,5.0,97.1,2.3,0.0,0.0,0.0
B,339,98.1,100.0,69.0,40.0,14.0,65.0,29.0,6.0,68.8,27.3,0.0,0.0,0.0
B,5999,93.3,94.0,71.0,45.0,20.0,73.0,41.0,18.0,32.4,33.1,0.0,0.0,0.0
B,2625,94.0,94.9,72.0,45.0,17.0,73.0,34.0,13.0,44.1,8.0,0.0,0.0,0.0
C,647,94.2,88.6,68.0,44.0,17.0,66.0,31.0,10.0,76.9,20.0,0.0,0.0,0.0
B,10391,96.6,95.0,81.0,57.0,26.0,82.0,52.0,25.0,75.5,36.8,0.0,0.0,0.0
B,238,95.7,100.0,73.0,35.0,17.0,48.0,22.0,10.0,31.8,14.3,0.0,0.0,0.0
A,1252,95.7,97.5,84.0,60.0,31.0,85.0,57.0,23.0,70.9,39.3,0.0,0.0,0.0
B,6287,96.6,91.7,74.0,48.0,21.0,71.0,43.0,19.0,80.5,21.0,0.0,0.0,0.0
B,10065,94.6,95.7,78.0,54.0,24.0,73.0,41.0,17.0,53.6,42.9,0.0,0.0,0.0
B,1176,95.1,94.7,76.0,53.0,23.0,77.0,44.0,14.0,69.2,50.8,0.0,0.0,0.0
A,1376,94.8,89.7,80.0,56.0,24.0,80.0,48.0,24.0,66.7,20.8,0.0,0.0,0.0
A,198,88.8,83.0,70.0,53.0,5.0,100.0,59.0,18.0,7.5,16.7,0.0,0.0,0.0
A,272,75.9,60.0,72.0,49.0,4.0,91.0,43.0,19.0,0.0,,0.0,0.0,0.0
A,4569,97.8,98.3,80.0,56.0,27.0,78.0,46.0,21.0,44.9,67.9,0.0,0.0,0.0
A,190,91.5,,66.0,40.0,29.0,79.0,50.0,23.0,,,0.0,0.0,0.0
B,340,97.9,,78.0,56.0,35.0,69.0,34.0,18.0,,,0.0,0.0,0.0
Not Rated: Senate Bill 1365,266,94.2,,59.0,26.0,12.0,57.0,16.0,4.0,,,0.0,0.0,0.0
B,10455,97.7,93.7,65.0,38.0,14.0,64.0,29.0,11.0,36.8,16.4,0.0,0.0,0.0
B,50709,94.8,84.3,72.0,49.0,21.0,71.0,38.0,17.0,100.0,22.8,0.0,0.0,0.0
B,1983,97.6,83.9,60.0,32.0,11.0,68.0,32.0,12.0,42.7,9.4,0.0,0.0,0.0
B,3190,95.4,86.3,62.0,38.0,12.0,64.0,28.0,9.0,28.4,17.5,0.0,0.0,0.0
A,37211,96.8,88.0,75.0,51.0,22.0,77.0,44.0,21.0,92.1,14.4,0.0,0.0,0.0
A,798,93.1,87.8,76.0,47.0,19.0,78.0,38.0,13.0,100.0,4.2,0.0,0.0,0.0
A,6076,97.9,94.5,75.0,52.0,23.0,73.0,40.0,18.0,79.1,13.6,0.0,0.0,0.0
B,887,93.7,88.1,61.0,34.0,11.0,58.0,22.0,7.0,53.9,12.2,0.0,0.0,0.0
B,47137,97.9,91.3,77.0,52.0,22.0,75.0,39.0,16.0,96.8,17.5,0.0,0.0,0.0
Not Rated: Data Under Review,6822,86.8,54.0,66.0,47.0,5.0,53.0,19.0,8.0,14.8,12.9,0.0,0.0,0.0
B,94,86.1,68.9,84.0,52.0,3.0,91.0,27.0,0.0,0.0,,0.0,0.0,0.0
C,236,94.5,,67.0,33.0,11.0,58.0,19.0,6.0,15.4,-1.0,0.0,0.0,0.0
A,1087,95.3,100.0,89.0,67.0,32.0,90.0,59.0,29.0,63.2,39.5,0.0,0.0,0.0
A,3688,95.0,95.7,81.0,59.0,30.0,81.0,52.0,29.0,54.2,44.3,0.0,0.0,0.0
C,227,96.6,100.0,87.0,63.0,27.0,80.0,41.0,16.0,11.8,-1.0,0.0,0.0,0.0
A,304,96.8,90.9,90.0,70.0,30.0,88.0,54.0,26.0,66.7,33.3,0.0,0.0,0.0
A,284,95.9,100.0,88.0,65.0,22.0,83.0,48.0,24.0,21.1,-1.0,0.0,0.0,0.0
B,118,97.3,,91.0,67.0,33.0,78.0,38.0,16.0,,,0.0,0.0,0.0
A,546,95.9,97.4,85.0,51.0,23.0,72.0,31.0,9.0,85.7,10.0,0.0,0.0,0.0
B,882,91.5,97.8,55.0,29.0,13.0,56.0,27.0,11.0,25.0,18.2,0.0,0.0,0.0
A,155,97.7,,93.0,74.0,47.0,97.0,73.0,45.0,,,0.0,0.0,0.0
B,716,95.2,96.2,72.0,49.0,18.0,66.0,32.0,15.0,42.9,14.3,0.0,0.0,0.0
C,1885,94.8,93.9,73.0,47.0,19.0,69.0,35.0,14.0,54.2,37.9,0.0,0.0,0.0
A,328,97.5,100.0,85.0,62.0,31.0,80.0,48.0,20.0,79.2,15.8,0.0,0.0,0.0
C,234,94.5,100.0,60.0,37.0,10.0,67.0,25.0,8.0,81.0,41.2,0.0,0.0,0.0
A,640,95.7,100.0,81.0,59.0,29.0,86.0,55.0,29.0,47.6,45.0,0.0,0.0,0.0
B,825,94.9,98.5,77.0,51.0,22.0,79.0,35.0,13.0,60.0,16.7,0.0,0.0,0.0
B,303,96.0,100.0,87.0,63.0,34.0,76.0,38.0,20.0,42.1,25.0,0.0,0.0,0.0
B,725,95.7,98.0,80.0,54.0,19.0,73.0,35.0,11.0,72.0,19.4,0.0,0.0,0.0
A,517,95.6,100.0,86.0,67.0,28.0,82.0,47.0,24.0,40.7,45.5,0.0,0.0,0.0
A,629,95.4,97.5,92.0,72.0,34.0,96.0,75.0,42.0,87.9,55.2,0.0,0.0,0.0
B,1868,95.3,97.5,77.0,51.0,23.0,76.0,42.0,14.0,66.5,42.7,0.0,0.0,0.0
B,696,96.6,95.9,75.0,50.0,17.0,75.0,42.0,16.0,51.1,58.3,0.0,0.0,0.0
A,279,96.3,100.0,90.0,67.0,29.0,83.0,48.0,20.0,0.0,,0.0,0.0,0.0
A,240,96.8,100.0,88.0,72.0,42.0,93.0,71.0,39.0,68.4,38.5,0.0,0.0,0.0
B,329,97.3,100.0,71.0,48.0,20.0,57.0,28.0,13.0,94.1,12.5,0.0,0.0,0.0
A,242,96.1,100.0,86.0,58.0,21.0,88.0,57.0,24.0,100.0,33.3,0.0,0.0,0.0
B,686,94.7,97.9,73.0,43.0,16.0,73.0,41.0,20.0,50.0,26.1,0.0,0.0,0.0
B,430,94.9,91.4,67.0,38.0,13.0,66.0,30.0,10.0,84.8,3.6,0.0,0.0,0.0
B,192,94.8,100.0,81.0,48.0,23.0,70.0,34.0,14.0,91.7,9.1,0.0,0.0,0.0
A,38877,96.9,94.4,83.0,64.0,34.0,82.0,55.0,29.0,94.1,34.9,0.0,0.0,0.0
A,3378,96.2,98.4,88.0,67.0,33.0,90.0,61.0,31.0,74.1,32.3,0.0,0.0,0.0
B,76543,96.3,94.7,81.0,62.0,34.0,76.0,50.0,28.0,79.8,52.9,0.0,0.0,0.0
B,3511,94.2,95.5,70.0,47.0,21.0,69.0,33.0,15.0,96.2,12.3,0.0,0.0,0.0
A,1523,94.7,95.8,82.0,54.0,26.0,82.0,50.0,23.0,70.2,21.2,0.0,0.0,0.0
B,1681,95.3,89.4,76.0,52.0,24.0,71.0,38.0,17.0,65.7,28.4,0.0,0.0,0.0
A,1181,94.1,97.3,81.0,53.0,20.0,80.0,47.0,20.0,23.5,29.6,0.0,0.0,0.0
B,520,95.1,100.0,71.0,41.0,18.0,67.0,29.0,11.0,8.6,-1.0,0.0,0.0,0.0
B,133,96.5,,91.0,66.0,39.0,79.0,51.0,16.0,,,0.0,0.0,0.0
B,907,90.4,96.9,62.0,38.0,14.0,58.0,21.0,8.0,57.4,14.3,0.0,0.0,0.0
B,2031,95.1,97.2,58.0,33.0,11.0,43.0,16.0,6.0,19.6,3.3,0.0,0.0,0.0
B,516,94.3,97.0,61.0,30.0,10.0,55.0,25.0,11.0,56.7,5.9,0.0,0.0,0.0
A,150,95.9,100.0,86.0,64.0,31.0,82.0,49.0,26.0,66.7,-1.0,0.0,0.0,0.0
A,2957,93.8,95.2,75.0,51.0,25.0,81.0,53.0,30.0,37.4,38.9,0.0,0.0,0.0
B,1492,96.4,100.0,67.0,41.0,19.0,53.0,20.0,9.0,80.0,33.3,0.0,0.0,0.0
A,189,96.9,,85.0,55.0,28.0,74.0,37.0,12.0,,,0.0,0.0,0.0
B,11901,93.0,92.8,71.0,45.0,19.0,72.0,39.0,16.0,40.7,24.1,0.0,0.0,0.0
B,6650,92.6,84.9,70.0,48.0,21.0,65.0,33.0,17.0,22.9,47.5,0.0,0.0,0.0
A,158,92.2,100.0,85.0,56.0,18.0,86.0,46.0,19.0,100.0,17.6,0.0,0.0,0.0
B,7756,91.9,84.5,64.0,39.0,16.0,62.0,31.0,14.0,24.6,20.3,0.0,0.0,0.0
B,1715,92.1,97.5,65.0,38.0,15.0,59.0,27.0,12.0,53.2,9.5,0.0,0.0,0.0
B,4325,95.2,92.6,75.0,51.0,24.0,72.0,40.0,18.0,29.7,33.3,0.0,0.0,0.0
B,40235,95.7,97.5,83.0,64.0,34.0,81.0,52.0,26.0,90.2,46.9,0.0,0.0,0.0
A,6155,96.2,99.6,92.0,77.0,43.0,93.0,72.0,41.0,77.6,67.8,0.0,0.0,0.0
B,784,94.4,92.8,72.0,41.0,14.0,69.0,35.0,14.0,35.9,21.7,0.0,0.0,0.0
C,114,96.3,100.0,68.0,48.0,19.0,57.0,24.0,12.0,100.0,0.0,0.0,0.0,0.0
B,24,95.2,,100.0,50.0,25.0,100.0,75.0,38.0,,,0.0,0.0,0.0
C,3100,94.2,96.9,74.0,53.0,24.0,71.0,42.0,19.0,47.6,40.7,0.0,0.0,0.0
A,559,96.8,95.5,81.0,58.0,26.0,84.0,51.0,27.0,82.5,21.2,0.0,0.0,0.0
A,293,98.1,100.0,92.0,78.0,40.0,94.0,71.0,42.0,100.0,30.4,0.0,0.0,0.0
B,1283,94.7,97.8,74.0,50.0,23.0,71.0,36.0,14.0,57.8,42.3,0.0,0.0,0.0
B,2613,92.4,91.6,64.0,38.0,15.0,62.0,31.0,12.0,34.8,23.1,0.0,0.0,0.0
B,1064,94.6,100.0,78.0,54.0,25.0,72.0,43.0,19.0,39.2,20.7,0.0,0.0,0.0
B,304,92.9,93.3,64.0,43.0,17.0,57.0,19.0,6.0,66.7,0.0,0.0,0.0,0.0
C,176,96.6,100.0,67.0,33.0,16.0,66.0,30.0,16.0,100.0,20.0,0.0,0.0,0.0
A,185,95.7,100.0,77.0,47.0,17.0,82.0,48.0,23.0,50.0,20.0,0.0,0.0,0.0
B,3451,91.4,91.0,67.0,42.0,18.0,68.0,36.0,16.0,49.6,21.9,0.0,0.0,0.0
B,46,96.7,,95.0,60.0,30.0,75.0,45.0,20.0,,,0.0,0.0,0.0
A,884,96.7,100.0,86.0,65.0,35.0,90.0,64.0,33.0,79.1,41.5,0.0,0.0,0.0
C,556,96.2,100.0,73.0,46.0,17.0,71.0,34.0,10.0,90.4,14.9,0.0,0.0,0.0
C,4674,92.9,92.9,77.0,52.0,24.0,76.0,44.0,20.0,36.0,35.9,0.0,0.0,0.0
A,1248,94.4,100.0,84.0,62.0,28.0,82.0,51.0,21.0,63.9,41.3,0.0,0.0,0.0
C,7698,93.4,94.1,67.0,43.0,16.0,61.0,29.0,12.0,69.8,25.7,0.0,0.0,0.0
B,706,96.1,97.5,85.0,61.0,26.0,83.0,48.0,22.0,47.5,26.3,0.0,0.0,0.0
A,2046,95.6,98.1,91.0,73.0,41.0,91.0,63.0,31.0,59.4,54.0,0.0,0.0,0.0
B,1717,94.3,99.0,76.0,51.0,23.0,72.0,33.0,12.0,61.6,29.5,0.0,0.0,0.0
A,755,95.2,91.4,84.0,60.0,31.0,89.0,59.0,28.0,90.6,22.9,0.0,0.0,0.0
B,1430,95.5,100.0,83.0,57.0,26.0,73.0,34.0,11.0,80.2,46.9,0.0,0.0,0.0
B,991,94.8,97.0,75.0,52.0,21.0,70.0,39.0,14.0,62.5,45.0,0.0,0.0,0.0
A,1113,96.1,100.0,89.0,69.0,33.0,84.0,50.0,20.0,97.0,45.3,0.0,0.0,0.0
B,657,94.4,95.9,78.0,51.0,23.0,82.0,52.0,22.0,31.9,6.7,0.0,0.0,0.0
A,141,94.9,88.9,75.0,54.0,9.0,93.0,52.0,26.0,12.1,-1.0,0.0,0.0,0.0
B,1703,93.5,91.3,70.0,44.0,16.0,65.0,33.0,11.0,18.4,11.1,0.0,0.0,0.0
B,3887,94.7,92.6,71.0,48.0,21.0,68.0,35.0,14.0,62.0,23.4,0.0,0.0,0.0
A,8223,97.3,98.3,78.0,56.0,27.0,80.0,53.0,29.0,53.5,30.5,0.0,0.0,0.0
B,4677,95.4,98.7,75.0,50.0,22.0,77.0,42.0,17.0,78.8,16.3,0.0,0.0,0.0
A,1531,95.6,97.2,84.0,62.0,30.0,82.0,50.0,25.0,40.6,46.5,0.0,0.0,0.0
A,2028,95.9,98.3,85.0,64.0,31.0,83.0,54.0,27.0,42.7,56.0,0.0,0.0,0.0
A,1458,94.9,100.0,84.0,64.0,30.0,85.0,52.0,20.0,70.2,37.3,0.0,0.0,0.0
A,886,94.1,100.0,88.0,67.0,30.0,92.0,64.0,31.0,78.9,26.8,0.0,0.0,0.0
A,539,96.4,96.9,88.0,68.0,40.0,86.0,58.0,34.0,36.4,50.0,0.0,0.0,0.0
B,2953,93.2,94.7,65.0,40.0,17.0,68.0,33.0,12.0,55.9,15.2,0.0,0.0,0.0
B,213,98.0,94.1,76.0,48.0,24.0,56.0,26.0,6.0,29.4,20.0,0.0,0.0,0.0
Not Rated: Senate Bill 1365,7039,93.0,89.5,64.0,39.0,16.0,59.0,27.0,10.0,23.5,43.4,0.0,0.0,0.0
B,15875,96.1,97.5,79.0,55.0,23.0,78.0,48.0,21.0,88.8,38.9,0.0,0.0,0.0
B,1971,94.9,99.3,83.0,60.0,28.0,82.0,51.0,21.0,34.5,56.3,0.0,0.0,0.0
B,1471,95.0,98.9,79.0,58.0,26.0,78.0,46.0,21.0,84.6,28.6,0.0,0.0,0.0
A,820,95.2,96.8,78.0,56.0,27.0,78.0,47.0,24.0,46.7,42.9,0.0,0.0,0.0
B,99,97.9,100.0,83.0,62.0,24.0,61.0,28.0,11.0,42.9,-1.0,0.0,0.0,0.0
B,597,94.9,95.2,79.0,44.0,18.0,62.0,22.0,8.0,12.8,20.0,0.0,0.0,0.0
A,274,95.8,100.0,80.0,57.0,28.0,90.0,52.0,20.0,78.9,20.0,0.0,0.0,0.0
B,4710,93.1,94.9,68.0,41.0,16.0,66.0,34.0,13.0,89.3,10.7,0.0,0.0,0.0
B,431,94.6,100.0,74.0,47.0,17.0,77.0,40.0,18.0,78.6,0.0,0.0,0.0,0.0
A,193,96.6,100.0,93.0,71.0,29.0,87.0,54.0,29.0,45.0,22.2,0.0,0.0,0.0
A,832,96.3,100.0,83.0,66.0,31.0,81.0,52.0,25.0,56.9,37.8,0.0,0.0,0.0
B,603,95.8,100.0,87.0,66.0,28.0,82.0,40.0,17.0,48.3,28.6,0.0,0.0,0.0
A,418,97.3,97.3,94.0,73.0,32.0,99.0,85.0,55.0,75.0,29.6,0.0,0.0,0.0
B,128,97.1,,89.0,61.0,26.0,89.0,42.0,22.0,,,0.0,0.0,0.0
A,783,97.1,100.0,86.0,63.0,29.0,85.0,61.0,34.0,94.7,14.8,0.0,0.0,0.0
B,199,95.2,92.3,68.0,48.0,18.0,65.0,40.0,19.0,41.7,0.0,0.0,0.0,0.0
A,497,95.3,96.9,82.0,55.0,28.0,83.0,45.0,22.0,40.0,25.0,0.0,0.0,0.0
B,1125,96.9,89.0,72.0,46.0,20.0,77.0,44.0,20.0,76.8,11.3,0.0,0.0,0.0
C,2708,94.5,98.3,64.0,40.0,15.0,58.0,23.0,7.0,48.9,35.6,0.0,0.0,0.0
B,2602,94.0,97.2,82.0,59.0,27.0,83.0,53.0,24.0,62.6,59.8,0.0,0.0,0.0
B,4188,95.2,98.0,80.0,55.0,25.0,81.0,49.0,20.0,65.8,35.9,0.0,0.0,0.0
B,568,92.8,97.1,77.0,56.0,20.0,75.0,38.0,13.0,5.9,-1.0,0.0,0.0,0.0
B,1009,95.0,,71.0,46.0,24.0,72.0,36.0,14.0,,,0.0,0.0,0.0
B,1219,98.7,80.0,89.0,73.0,42.0,79.0,51.0,24.0,100.0,68.0,0.0,0.0,0.0
B,947,97.0,83.2,46.0,25.0,5.0,44.0,9.0,1.0,17.4,0.0,0.0,0.0,0.0
A,1563,95.2,92.0,73.0,48.0,23.0,75.0,43.0,21.0,91.7,4.5,0.0,0.0,0.0
Not Rated,4,99.3,,-1.0,-1.0,-1.0,-1.0,-1.0,-1.0,,,0.0,0.0,0.0
Not Rated,217,97.5,0.0,0.0,0.0,0.0,14.0,0.0,0.0,,,0.0,0.0,0.0
B,1137,93.2,,72.0,41.0,21.0,68.0,35.0,15.0,,,0.0,0.0,0.0
B,349,96.4,,90.0,65.0,37.0,80.0,52.0,29.0,,,0.0,0.0,0.0
A,560,98.2,,88.0,64.0,31.0,91.0,67.0,39.0,,,0.0,0.0,0.0
A,175,93.9,77.9,52.0,23.0,0.0,65.0,27.0,13.0,43.4,2.8,0.0,0.0,0.0
A,2082,96.5,96.3,95.0,80.0,47.0,96.0,82.0,54.0,84.6,47.0,0.0,0.0,0.0
A,304,98.6,100.0,94.0,76.0,35.0,88.0,54.0,26.0,90.5,15.8,0.0,0.0,0.0
B,1526,95.3,71.8,55.0,27.0,11.0,60.0,28.0,12.0,39.5,12.5,0.0,0.0,0.0
B,439,95.3,,71.0,46.0,26.0,37.0,13.0,6.0,,,0.0,0.0,0.0
C,44,98.5,100.0,77.0,45.0,16.0,54.0,13.0,13.0,25.0,-1.0,0.0,0.0,0.0
B,14557,94.5,94.4,70.0,45.0,16.0,72.0,37.0,16.0,100.0,38.6,0.0,0.0,0.0
A,3564,97.8,97.4,78.0,53.0,23.0,73.0,42.0,23.0,76.5,35.1,0.0,0.0,0.0
C,462,97.8,,78.0,55.0,28.0,64.0,33.0,14.0,,,0.0,0.0,0.0
A,214,99.7,,83.0,56.0,27.0,83.0,50.0,30.0,,,0.0,0.0,0.0
C,1722,92.8,,60.0,30.0,15.0,61.0,23.0,6.0,,,0.0,0.0,0.0
B,272,92.8,,76.0,49.0,25.0,48.0,18.0,7.0,,,0.0,0.0,0.0
B,692,98.5,,61.0,32.0,16.0,52.0,21.0,8.0,,,0.0,0.0,0.0
A,5894,97.9,98.9,79.0,56.0,30.0,77.0,48.0,26.0,88.6,50.0,0.0,0.0,0.0
A,558,93.6,,86.0,59.0,36.0,79.0,52.0,27.0,,,0.0,0.0,0.0
B,607,94.7,,69.0,40.0,20.0,65.0,31.0,10.0,,,0.0,0.0,0.0
A,4086,98.5,97.6,89.0,72.0,41.0,88.0,66.0,40.0,86.5,65.6,0.0,0.0,0.0
B,169,94.7,,65.0,38.0,22.0,50.0,16.0,6.0,,,0.0,0.0,0.0
Not Rated: Senate Bill 1365,397,87.9,88.0,36.0,15.0,4.0,19.0,3.0,2.0,7.1,-1.0,0.0,0.0,0.0
A,1298,97.3,,92.0,73.0,41.0,84.0,47.0,20.0,,,0.0,0.0,0.0
B,145,92.6,,81.0,49.0,32.0,59.0,33.0,16.0,,,0.0,0.0,0.0
B,341,96.8,,69.0,47.0,28.0,60.0,30.0,10.0,,,0.0,0.0,0.0
B,157,89.7,,76.0,41.0,20.0,57.0,23.0,9.0,,,0.0,0.0,0.0
B,369,88.3,,79.0,67.0,22.0,56.0,32.0,19.0,20.4,10.0,0.0,0.0,0.0
Not Rated: Senate Bill 1365,193,90.1,,36.0,25.0,7.0,21.0,4.0,4.0,,,0.0,0.0,0.0
Not Rated: Senate Bill 1365,165,92.2,,67.0,33.0,14.0,59.0,18.0,2.0,,,0.0,0.0,0.0
Not Rated,55,,,,,,,,,,,,,
Not Rated,131,93.2,,,,,,,,,,,,
C,61528,93.6,83.1,59.0,33.0,12.0,53.0,22.0,9.0,86.4,11.7,0.0,0.0,0.0
B,40642,93.4,88.0,64.0,41.0,17.0,63.0,33.0,14.0,92.4,22.0,0.0,0.0,0.0
B,9503,91.2,92.2,68.0,42.0,16.0,69.0,34.0,14.0,77.2,15.9,0.0,0.0,0.0
B,6465,96.7,93.6,74.0,49.0,21.0,76.0,45.0,20.0,97.1,19.8,0.0,0.0,0.0
A,116913,94.8,92.6,83.0,63.0,33.0,78.0,50.0,26.0,94.1,26.6,0.0,0.0,0.0
A,12327,93.8,90.7,80.0,58.0,27.0,83.0,55.0,25.0,26.8,52.9,0.0,0.0,0.0
A,21400,96.7,94.0,72.0,47.0,19.0,76.0,45.0,21.0,38.2,11.7,0.0,0.0,0.0
B,23833,93.2,94.9,70.0,46.0,20.0,72.0,41.0,20.0,12.8,36.9,0.0,0.0,0.0
B,193727,93.7,85.7,70.0,49.0,24.0,67.0,38.0,19.0,62.8,28.5,0.0,0.0,0.0
B,47477,94.9,95.4,77.0,54.0,24.0,70.0,38.0,17.0,90.9,35.7,0.0,0.0,0.0
A,88165,95.6,95.0,87.0,70.0,41.0,86.0,62.0,37.0,93.7,54.3,0.0,0.0,0.0
B,53059,96.1,92.9,79.0,58.0,29.0,78.0,48.0,23.0,93.8,34.9,0.0,0.0,0.0
B,6925,92.4,93.2,77.0,52.0,23.0,77.0,41.0,18.0,61.5,24.7,0.0,0.0,0.0
B,49255,93.9,90.9,71.0,45.0,18.0,70.0,37.0,16.0,85.2,19.1,0.0,0.0,0.0
B,33406,93.6,85.2,62.0,38.0,15.0,58.0,26.0,10.0,86.2,10.8,0.0,0.0,0.0
B,33474,94.5,91.9,74.0,55.0,29.0,77.0,51.0,29.0,95.2,43.0,0.0,0.0,0.0
A,20184,95.6,97.1,90.0,73.0,43.0,90.0,68.0,39.0,92.3,51.3,0.0,0.0,0.0
B,10565,94.2,92.0,63.0,37.0,14.0,61.0,28.0,11.0,81.6,8.1,0.0,0.0,0.0
B,3565,94.1,98.7,74.0,49.0,20.0,73.0,40.0,17.0,31.5,35.6,0.0,0.0,0.0
C,134,93.6,,70.0,39.0,22.0,72.0,30.0,9.0,,,0.0,0.0,0.0
B,5059,91.9,83.1,63.0,38.0,15.0,66.0,35.0,15.0,46.7,9.1,0.0,0.0,0.0
B,845,95.2,100.0,77.0,52.0,20.0,80.0,42.0,18.0,57.1,5.6,0.0,0.0,0.0
Not Rated: Data Under Review,19079,98.5,72.9,70.0,45.0,16.0,49.0,23.0,11.0,17.0,37.9,0.0,0.0,0.0
A,711,95.5,100.0,89.0,66.0,32.0,90.0,53.0,23.0,54.7,28.6,0.0,0.0,0.0
A,829,95.3,98.5,88.0,62.0,27.0,84.0,50.0,20.0,67.7,43.2,0.0,0.0,0.0
B,163,96.4,100.0,72.0,54.0,26.0,71.0,38.0,14.0,-1.0,-1.0,0.0,0.0,0.0
A,232,95.3,100.0,90.0,72.0,38.0,93.0,65.0,44.0,26.7,-1.0,0.0,0.0,0.0
A,537,95.5,93.3,80.0,54.0,24.0,74.0,42.0,21.0,61.4,22.2,0.0,0.0,0.0
B,143,94.0,100.0,69.0,46.0,12.0,57.0,23.0,9.0,85.7,0.0,0.0,0.0,0.0
A,95,95.3,100.0,80.0,49.0,19.0,92.0,65.0,25.0,100.0,28.6,0.0,0.0,0.0
C,74,87.0,66.7,76.0,64.0,14.0,59.0,18.0,0.0,21.7,40.0,0.0,0.0,0.0
A,120,93.9,,68.0,51.0,22.0,69.0,36.0,5.0,,,0.0,0.0,0.0
Not Rated: Senate Bill 1365,281,96.4,20.0,14.0,14.0,0.0,14.0,0.0,0.0,-1.0,,0.0,0.0,0.0
C,8136,94.5,80.4,63.0,40.0,16.0,55.0,24.0,9.0,49.5,27.7,0.0,0.0,0.0
A,7859,96.9,98.6,91.0,73.0,40.0,90.0,62.0,30.0,80.3,66.2,0.0,0.0,0.0
A,2606,97.8,95.5,86.0,68.0,36.0,79.0,49.0,22.0,52.7,69.0,0.0,0.0,0.0
B,21345,91.8,92.1,76.0,54.0,25.0,73.0,43.0,20.0,60.2,30.2,0.0,0.0,0.0
A,839,95.3,100.0,88.0,63.0,24.0,88.0,59.0,30.0,98.5,30.3,0.0,0.0,0.0
B,2955,94.1,95.1,70.0,47.0,22.0,67.0,37.0,17.0,27.3,41.5,0.0,0.0,0.0
B,2584,96.0,98.2,79.0,55.0,25.0,82.0,52.0,24.0,45.6,19.5,0.0,0.0,0.0
B,538,96.1,100.0,88.0,63.0,29.0,93.0,72.0,37.0,33.3,22.2,0.0,0.0,0.0
B,1650,96.4,96.7,84.0,59.0,27.0,79.0,44.0,16.0,20.7,40.0,0.0,0.0,0.0
A,1420,96.3,96.4,88.0,65.0,31.0,86.0,53.0,22.0,97.5,26.9,0.0,0.0,0.0
B,153,95.2,88.9,59.0,34.0,11.0,51.0,24.0,11.0,75.0,16.7,0.0,0.0,0.0
Not Rated: Senate Bill 1365,179,96.1,,75.0,44.0,15.0,69.0,30.0,11.0,,,0.0,0.0,0.0
B,491,96.1,100.0,81.0,60.0,21.0,72.0,36.0,12.0,39.1,55.6,0.0,0.0,0.0
C,1392,96.0,,77.0,48.0,27.0,59.0,30.0,11.0,,,0.0,0.0,0.0
A,484,88.6,81.5,58.0,34.0,3.0,77.0,25.0,9.0,0.6,-1.0,0.0,0.0,0.0
B,67988,98.6,98.6,82.0,59.0,30.0,76.0,43.0,21.0,100.0,24.7,0.0,0.0,0.0
A,5364,98.4,100.0,84.0,60.0,31.0,76.0,42.0,20.0,49.3,27.1,0.0,0.0,0.0
B,301,95.2,,66.0,44.0,16.0,60.0,26.0,8.0,,,0.0,0.0,0.0
B,13060,93.1,92.1,58.0,32.0,11.0,62.0,26.0,9.0,17.3,8.9,0.0,0.0,0.0
B,4140,90.7,93.2,63.0,38.0,13.0,57.0,23.0,8.0,70.6,7.0,0.0,0.0,0.0
A,32043,95.3,90.4,75.0,51.0,22.0,74.0,42.0,20.0,23.8,29.4,0.0,0.0,0.0
A,2836,97.4,89.7,69.0,47.0,21.0,73.0,40.0,19.0,60.5,5.9,0.0,0.0,0.0
A,20282,97.3,98.4,80.0,60.0,30.0,78.0,48.0,25.0,93.6,22.9,0.0,0.0,0.0
B,4416,94.9,92.0,61.0,33.0,11.0,58.0,23.0,7.0,33.5,16.7,0.0,0.0,0.0
B,13838,95.9,95.9,66.0,42.0,17.0,63.0,30.0,12.0,83.3,12.6,0.0,0.0,0.0
A,29242,95.0,96.7,71.0,47.0,19.0,71.0,39.0,19.0,9.9,13.4,0.0,0.0,0.0
B,1393,93.1,89.1,64.0,41.0,15.0,63.0,27.0,10.0,38.5,8.5,0.0,0.0,0.0
A,9481,97.6,97.5,83.0,63.0,32.0,83.0,56.0,30.0,45.6,39.3,0.0,0.0,0.0
B,24024,96.0,85.0,65.0,41.0,17.0,73.0,41.0,19.0,44.5,9.2,0.0,0.0,0.0
B,15581,94.4,92.6,70.0,45.0,18.0,69.0,36.0,16.0,79.7,9.1,0.0,0.0,0.0
Not Rated: Senate Bill 1365,557,92.1,95.1,65.0,35.0,14.0,47.0,18.0,6.0,0.0,,0.0,0.0,0.0
B,890,97.1,96.5,65.0,39.0,14.0,68.0,30.0,12.0,34.5,10.5,0.0,0.0,0.0
A,282,97.1,94.4,90.0,70.0,38.0,91.0,60.0,34.0,68.8,27.3,0.0,0.0,0.0
A,181,97.2,100.0,84.0,60.0,30.0,89.0,61.0,25.0,100.0,7.7,0.0,0.0,0.0
B,301,96.8,100.0,83.0,54.0,24.0,68.0,23.0,4.0,100.0,15.8,0.0,0.0,0.0
B,1930,95.0,96.9,79.0,51.0,23.0,76.0,43.0,21.0,69.8,13.6,0.0,0.0,0.0
B,628,95.4,84.8,72.0,42.0,13.0,54.0,21.0,6.0,75.6,9.7,0.0,0.0,0.0
Not Rated: Senate Bill 1365,153,97.2,,63.0,40.0,22.0,62.0,31.0,12.0,,,0.0,0.0,0.0
B,193,96.9,90.0,70.0,33.0,13.0,73.0,41.0,18.0,100.0,18.2,0.0,0.0,0.0
C,1474,94.3,89.9,78.0,50.0,19.0,73.0,43.0,19.0,31.2,48.3,0.0,0.0,0.0
A,335,95.4,100.0,81.0,56.0,25.0,82.0,55.0,25.0,94.7,38.9,0.0,0.0,0.0
B,344,96.3,100.0,83.0,61.0,21.0,80.0,47.0,17.0,75.0,29.2,0.0,0.0,0.0
B,198,97.2,100.0,73.0,50.0,14.0,67.0,40.0,15.0,64.7,27.3,0.0,0.0,0.0
B,182,95.0,100.0,70.0,33.0,9.0,48.0,12.0,2.0,0.0,,0.0,0.0,0.0
B,2746,95.1,97.6,73.0,43.0,16.0,72.0,33.0,12.0,85.3,10.3,0.0,0.0,0.0
A,514,96.0,96.3,88.0,68.0,32.0,89.0,51.0,23.0,81.5,50.0,0.0,0.0,0.0
A,416,95.6,94.9,84.0,61.0,27.0,75.0,47.0,20.0,89.2,21.2,0.0,0.0,0.0
B,576,96.8,100.0,92.0,71.0,35.0,94.0,71.0,37.0,94.6,22.9,0.0,0.0,0.0
A,236,96.2,100.0,87.0,64.0,28.0,81.0,51.0,20.0,33.3,-1.0,0.0,0.0,0.0
Not Rated,51,-1.0,,,,,,,,,,,,
B,7712,93.2,95.2,81.0,59.0,28.0,79.0,49.0,24.0,48.4,44.3,0.0,0.0,0.0
A,447,96.3,96.8,84.0,63.0,29.0,81.0,47.0,20.0,20.0,66.7,0.0,0.0,0.0
A,847,96.0,97.8,84.0,64.0,28.0,87.0,54.0,23.0,79.2,36.8,0.0,0.0,0.0
B,4329,94.7,92.0,73.0,51.0,24.0,77.0,47.0,24.0,44.2,32.2,0.0,0.0,0.0
B,435,94.8,100.0,74.0,48.0,17.0,65.0,33.0,17.0,97.0,21.9,0.0,0.0,0.0
A,535,95.7,100.0,75.0,54.0,24.0,83.0,46.0,21.0,86.7,10.3,0.0,0.0,0.0
A,299,95.9,100.0,90.0,67.0,30.0,88.0,50.0,18.0,47.4,11.1,0.0,0.0,0.0
B,724,95.2,97.8,80.0,51.0,21.0,72.0,38.0,17.0,51.1,25.0,0.0,0.0,0.0
A,244,97.6,100.0,90.0,56.0,18.0,88.0,57.0,17.0,50.0,22.2,0.0,0.0,0.0
B,202,95.8,100.0,78.0,57.0,19.0,84.0,38.0,14.0,66.7,30.0,0.0,0.0,0.0
C,1190,93.7,96.4,65.0,37.0,13.0,55.0,20.0,9.0,42.0,20.6,0.0,0.0,0.0
B,631,94.5,100.0,72.0,48.0,19.0,76.0,40.0,17.0,12.2,40.0,0.0,0.0,0.0
B,504,97.3,100.0,88.0,64.0,31.0,86.0,42.0,16.0,86.2,12.0,0.0,0.0,0.0
A,488,95.1,97.1,82.0,59.0,24.0,75.0,42.0,15.0,100.0,24.3,0.0,0.0,0.0
A,246,95.1,100.0,84.0,59.0,24.0,83.0,53.0,20.0,57.9,36.4,0.0,0.0,0.0
C,3629,92.4,83.7,65.0,41.0,15.0,67.0,36.0,15.0,24.1,17.7,0.0,0.0,0.0
C,1084,95.0,100.0,71.0,45.0,19.0,69.0,32.0,10.0,38.0,22.2,0.0,0.0,0.0
A,764,96.5,97.7,84.0,61.0,32.0,79.0,44.0,18.0,46.3,47.4,0.0,0.0,0.0
B,400,95.3,100.0,71.0,46.0,16.0,71.0,27.0,6.0,90.9,5.0,0.0,0.0,0.0
B,118,92.6,87.5,75.0,43.0,14.0,74.0,37.0,13.0,0.0,,0.0,0.0,0.0
A,66,95.4,60.0,78.0,47.0,22.0,68.0,39.0,29.0,-1.0,,0.0,0.0,0.0
A,2227,97.2,98.5,88.0,67.0,35.0,88.0,56.0,26.0,91.3,34.9,0.0,0.0,0.0
B,483,96.9,97.4,79.0,57.0,23.0,73.0,44.0,20.0,38.5,46.7,0.0,0.0,0.0
B,1440,93.4,93.9,64.0,38.0,17.0,55.0,22.0,9.0,27.4,24.1,0.0,0.0,0.0
C,5320,95.2,95.1,60.0,37.0,15.0,58.0,24.0,9.0,29.6,29.7,0.0,0.0,0.0
A,1025,96.6,100.0,78.0,57.0,26.0,81.0,48.0,19.0,80.2,26.2,0.0,0.0,0.0
B,2575,93.8,93.8,69.0,44.0,20.0,63.0,29.0,12.0,37.7,16.4,0.0,0.0,0.0
B,701,96.4,97.7,78.0,53.0,24.0,82.0,43.0,17.0,32.6,35.7,0.0,0.0,0.0
C,303,93.3,100.0,58.0,32.0,12.0,47.0,16.0,5.0,10.7,-1.0,0.0,0.0,0.0
A,761,97.3,96.3,84.0,60.0,29.0,87.0,55.0,26.0,63.5,36.4,0.0,0.0,0.0
B,529,96.4,100.0,76.0,45.0,18.0,75.0,31.0,10.0,89.2,15.2,0.0,0.0,0.0
B,2493,94.1,98.4,77.0,52.0,22.0,78.0,45.0,20.0,73.1,9.7,0.0,0.0,0.0
B,692,93.9,95.8,77.0,52.0,24.0,72.0,36.0,14.0,82.6,15.8,0.0,0.0,0.0
A,621,93.5,100.0,77.0,52.0,24.0,80.0,44.0,20.0,56.2,36.6,0.0,0.0,0.0
B,96,96.9,,84.0,59.0,22.0,80.0,36.0,16.0,,,0.0,0.0,0.0
A,334,96.6,100.0,89.0,73.0,44.0,86.0,58.0,32.0,95.8,17.4,0.0,0.0,0.0
A,252,94.7,100.0,86.0,68.0,31.0,79.0,53.0,25.0,19.0,-1.0,0.0,0.0,0.0
B,1077,95.6,96.6,70.0,47.0,19.0,71.0,35.0,10.0,82.5,34.0,0.0,0.0,0.0
A,322,96.0,100.0,83.0,56.0,20.0,84.0,39.0,11.0,100.0,7.4,0.0,0.0,0.0
B,1549,94.3,96.8,77.0,51.0,21.0,80.0,52.0,28.0,68.4,16.9,0.0,0.0,0.0
B,736,96.2,95.7,83.0,55.0,25.0,78.0,43.0,19.0,68.9,6.5,0.0,0.0,0.0
A,1156,95.9,98.8,94.0,76.0,39.0,95.0,72.0,35.0,83.5,36.6,0.0,0.0,0.0
B,369,94.5,84.0,87.0,62.0,29.0,83.0,44.0,18.0,45.5,40.0,0.0,0.0,0.0
B,1483,94.8,92.5,78.0,54.0,24.0,77.0,38.0,15.0,83.7,22.0,0.0,0.0,0.0
Not Rated: Senate Bill 1365,2166,91.2,96.3,54.0,31.0,9.0,49.0,23.0,9.0,52.9,20.7,0.0,0.0,0.0
B,1450,94.6,97.7,74.0,48.0,20.0,79.0,44.0,20.0,36.9,41.9,0.0,0.0,0.0
A,397,95.4,100.0,75.0,51.0,22.0,78.0,45.0,15.0,80.0,21.4,0.0,0.0,0.0
B,176,95.9,100.0,62.0,41.0,19.0,70.0,31.0,10.0,69.2,0.0,0.0,0.0,0.0
A,35,97.2,-1.0,82.0,68.0,45.0,84.0,74.0,16.0,-1.0,,0.0,0.0,0.0
B,366,94.4,80.0,73.0,46.0,10.0,52.0,15.0,2.0,5.6,-1.0,0.0,0.0,0.0
B,507,96.5,,86.0,63.0,32.0,76.0,36.0,15.0,,,0.0,0.0,0.0
A,2362,96.6,100.0,82.0,54.0,24.0,76.0,41.0,20.0,100.0,16.3,0.0,0.0,0.0
A,4983,96.0,94.9,84.0,64.0,33.0,84.0,57.0,28.0,56.3,35.2,0.0,0.0,0.0
C,7840,92.6,80.6,59.0,33.0,12.0,55.0,23.0,9.0,52.5,11.0,0.0,0.0,0.0
B,5186,92.4,94.5,80.0,55.0,24.0,77.0,41.0,17.0,59.8,27.6,0.0,0.0,0.0
Not Rated: Senate Bill 1365,16729,88.7,85.4,55.0,33.0,12.0,42.0,18.0,7.0,41.6,26.0,0.0,0.0,0.0
B,365,96.0,100.0,88.0,65.0,34.0,85.0,44.0,12.0,90.6,27.6,0.0,0.0,0.0
C,1953,94.6,96.9,78.0,52.0,24.0,76.0,36.0,14.0,76.0,24.2,0.0,0.0,0.0
A,1076,91.4,98.6,71.0,43.0,18.0,76.0,47.0,21.0,79.7,5.5,0.0,0.0,0.0
C,4359,89.8,94.1,62.0,36.0,15.0,55.0,23.0,9.0,13.2,13.9,0.0,0.0,0.0
B,495,96.1,94.7,73.0,48.0,16.0,64.0,23.0,8.0,94.1,3.1,0.0,0.0,0.0
A,1770,94.5,97.9,78.0,56.0,27.0,78.0,49.0,25.0,77.4,15.3,0.0,0.0,0.0
B,695,92.2,96.1,65.0,35.0,13.0,64.0,27.0,8.0,66.7,8.3,0.0,0.0,0.0
B,94,97.2,,89.0,73.0,34.0,70.0,30.0,7.0,,,0.0,0.0,0.0
C,3595,95.6,97.5,69.0,44.0,16.0,70.0,34.0,14.0,36.4,32.1,0.0,0.0,0.0
B,12693,95.0,94.5,78.0,55.0,26.0,77.0,45.0,22.0,58.3,27.0,0.0,0.0,0.0
B,7036,93.6,92.2,70.0,44.0,17.0,68.0,35.0,13.0,26.3,39.3,0.0,0.0,0.0
A,1364,96.9,100.0,86.0,65.0,29.0,90.0,64.0,30.0,56.8,46.3,0.0,0.0,0.0
A,5862,95.9,98.1,82.0,60.0,30.0,85.0,55.0,26.0,88.9,25.3,0.0,0.0,0.0
B,1016,93.8,97.5,80.0,54.0,22.0,78.0,43.0,14.0,23.0,30.0,0.0,0.0,0.0
B,817,96.3,100.0,73.0,50.0,20.0,72.0,39.0,20.0,34.0,33.3,0.0,0.0,0.0
B,2300,96.2,88.1,67.0,37.0,12.0,61.0,25.0,8.0,29.2,25.7,0.0,0.0,0.0
B,2598,94.9,98.6,73.0,43.0,18.0,72.0,35.0,14.0,76.2,23.2,0.0,0.0,0.0
B,739,95.1,100.0,75.0,49.0,19.0,70.0,34.0,11.0,78.9,22.2,0.0,0.0,0.0
B,430,95.2,96.0,65.0,43.0,14.0,66.0,33.0,14.0,89.7,19.2,0.0,0.0,0.0
C,765,95.9,100.0,77.0,46.0,17.0,71.0,30.0,9.0,96.2,10.0,0.0,0.0,0.0
A,96,94.0,85.7,76.0,55.0,24.0,80.0,35.0,15.0,83.3,0.0,0.0,0.0,0.0
A,620,96.1,93.8,82.0,56.0,23.0,82.0,45.0,19.0,68.9,9.7,0.0,0.0,0.0
B,1048,78.0,76.0,71.0,42.0,15.0,68.0,35.0,17.0,20.2,35.0,0.0,0.0,0.0
B,733,94.3,94.1,71.0,43.0,14.0,75.0,37.0,15.0,62.7,3.1,0.0,0.0,0.0
C,217,91.8,92.9,62.0,35.0,8.0,38.0,14.0,5.0,69.2,11.1,0.0,0.0,0.0
A,428,98.3,100.0,96.0,82.0,45.0,96.0,81.0,51.0,80.0,40.0,0.0,0.0,0.0
B,5439,95.9,98.2,74.0,50.0,22.0,67.0,33.0,15.0,27.1,31.2,0.0,0.0,0.0
B,14314,96.1,96.8,75.0,53.0,25.0,70.0,39.0,19.0,55.3,35.1,0.0,0.0,0.0
A,4093,95.0,98.1,77.0,52.0,23.0,76.0,44.0,20.0,31.7,31.1,0.0,0.0,0.0
C,1689,93.6,96.4,70.0,41.0,16.0,65.0,31.0,12.0,34.9,25.0,0.0,0.0,0.0
A,3653,93.1,97.2,78.0,54.0,24.0,81.0,51.0,24.0,26.8,50.0,0.0,0.0,0.0
B,4962,91.3,90.8,64.0,39.0,14.0,56.0,23.0,9.0,22.3,23.0,0.0,0.0,0.0
B,1083,92.2,97.3,82.0,58.0,24.0,86.0,54.0,23.0,74.3,21.2,0.0,0.0,0.0
Not Rated: Senate Bill 1365,79,87.5,66.7,75.0,17.0,0.0,71.0,14.0,0.0,-1.0,,0.0,0.0,0.0
A,10268,97.8,99.0,89.0,72.0,40.0,88.0,64.0,34.0,93.2,54.9,0.0,0.0,0.0
B,1067,96.2,98.9,76.0,50.0,19.0,68.0,29.0,9.0,65.9,37.5,0.0,0.0,0.0
B,101,96.9,,86.0,57.0,34.0,77.0,55.0,20.0,,,0.0,0.0,0.0
A,169,94.9,100.0,97.0,80.0,43.0,92.0,59.0,29.0,72.7,0.0,0.0,0.0,0.0
B,535,94.7,94.7,69.0,45.0,16.0,76.0,39.0,16.0,82.1,6.3,0.0,0.0,0.0
B,208,97.4,,91.0,63.0,41.0,91.0,56.0,29.0,,,0.0,0.0,0.0
B,4808,95.2,95.7,80.0,60.0,30.0,78.0,48.0,24.0,74.0,37.6,0.0,0.0,0.0
A,1172,96.6,98.4,83.0,57.0,25.0,87.0,54.0,27.0,100.0,23.1,0.0,0.0,0.0
B,32,96.8,,100.0,64.0,9.0,91.0,27.0,9.0,,,0.0,0.0,0.0
B,639,93.7,100.0,75.0,52.0,19.0,69.0,39.0,16.0,51.5,29.4,0.0,0.0,0.0
A,132,96.5,100.0,96.0,78.0,43.0,89.0,66.0,23.0,100.0,42.9,0.0,0.0,0.0
B,531,95.4,97.5,88.0,62.0,25.0,76.0,37.0,11.0,47.4,38.9,0.0,0.0,0.0
C,2799,91.9,76.0,57.0,33.0,13.0,55.0,27.0,10.0,21.5,25.0,0.0,0.0,0.0
A,622,96.7,,83.0,60.0,33.0,79.0,51.0,25.0,,,0.0,0.0,0.0
A,478,95.0,100.0,81.0,54.0,21.0,73.0,34.0,11.0,80.0,9.4,0.0,0.0,0.0
A,781,98.3,100.0,91.0,73.0,37.0,85.0,54.0,25.0,71.8,47.5,0.0,0.0,0.0
B,228,96.0,100.0,78.0,49.0,21.0,84.0,49.0,23.0,100.0,14.3,0.0,0.0,0.0
B,379,96.7,93.3,80.0,53.0,24.0,75.0,43.0,19.0,78.6,18.2,0.0,0.0,0.0
A,133,96.7,-1.0,90.0,66.0,25.0,91.0,57.0,36.0,-1.0,0.0,0.0,0.0,0.0
A,1145,95.4,98.7,84.0,64.0,31.0,85.0,49.0,23.0,45.5,40.0,0.0,0.0,0.0
B,3807,92.0,94.9,70.0,45.0,19.0,68.0,38.0,17.0,37.3,29.3,0.0,0.0,0.0
C,2380,94.4,92.3,74.0,49.0,21.0,75.0,43.0,17.0,40.0,29.4,0.0,0.0,0.0
B,1089,96.1,88.3,86.0,63.0,29.0,86.0,47.0,21.0,49.1,23.1,0.0,0.0,0.0
B,126,95.7,87.5,72.0,42.0,12.0,37.0,15.0,9.0,85.7,0.0,0.0,0.0,0.0
B,1233,96.0,98.8,76.0,47.0,17.0,69.0,33.0,13.0,97.7,4.7,0.0,0.0,0.0
B,582,94.9,98.1,78.0,48.0,18.0,68.0,26.0,10.0,79.2,19.0,0.0,0.0,0.0
B,296,93.1,100.0,77.0,50.0,21.0,75.0,39.0,17.0,18.8,-1.0,0.0,0.0,0.0
A,483,96.7,100.0,87.0,60.0,31.0,85.0,57.0,26.0,79.2,21.1,0.0,0.0,0.0
A,3403,94.7,98.8,80.0,57.0,28.0,81.0,48.0,19.0,61.4,27.0,0.0,0.0,0.0
B,317,96.9,100.0,66.0,34.0,12.0,59.0,28.0,14.0,29.4,60.0,0.0,0.0,0.0
B,1172,91.6,87.1,71.0,44.0,18.0,72.0,38.0,17.0,56.5,9.6,0.0,0.0,0.0
A,1147,95.8,97.8,81.0,60.0,23.0,87.0,60.0,31.0,71.1,32.8,0.0,0.0,0.0
A,308,98.0,100.0,83.0,63.0,33.0,90.0,64.0,39.0,40.0,33.3,0.0,0.0,0.0
A,704,96.7,100.0,88.0,69.0,38.0,92.0,70.0,44.0,73.5,44.0,0.0,0.0,0.0
B,111,98.0,,95.0,64.0,35.0,89.0,69.0,40.0,,,0.0,0.0,0.0
A,136,97.3,,93.0,75.0,48.0,95.0,62.0,26.0,,,0.0,0.0,0.0
B,94,97.7,,83.0,56.0,35.0,88.0,54.0,29.0,,,0.0,0.0,0.0
A,1920,94.6,97.7,80.0,55.0,23.0,79.0,49.0,22.0,46.2,37.7,0.0,0.0,0.0
A,1093,97.6,95.3,80.0,59.0,29.0,85.0,52.0,21.0,100.0,21.8,0.0,0.0,0.0
C,181,98.5,80.0,72.0,43.0,15.0,66.0,28.0,12.0,91.7,0.0,0.0,0.0,0.0
A,1024,95.1,94.7,84.0,61.0,28.0,83.0,52.0,23.0,67.9,5.6,0.0,0.0,0.0
B,711,95.7,96.8,85.0,64.0,26.0,79.0,37.0,13.0,80.0,16.7,0.0,0.0,0.0
B,137,95.3,100.0,79.0,58.0,28.0,85.0,53.0,11.0,63.6,0.0,1.0,5.0,-1.0
B,711,95.7,96.8,85.0,64.0,26.0,79.0,37.0,13.0,80.0,16.7,-1.0,-5.0,1.0
B,137,95.3,100.0,79.0,58.0,28.0,85.0,53.0,11.0,63.6,0.0,0.0,0.0,0.0
B,625,95.4,100.0,76.0,53.0,21.0,76.0,42.0,16.0,67.8,25.0,0.0,0.0,0.0
B,233,96.9,100.0,75.0,45.0,15.0,68.0,22.0,4.0,66.7,30.0,0.0,0.0,0.0
A,717,95.5,94.6,82.0,57.0,26.0,81.0,51.0,22.0,67.3,29.7,0.0,0.0,0.0
B,10851,92.1,93.6,56.0,32.0,11.0,55.0,22.0,7.0,81.2,7.9,0.0,0.0,0.0
C,5603,93.2,93.2,65.0,38.0,15.0,65.0,32.0,13.0,53.5,13.9,0.0,0.0,0.0
A,216,97.0,,99.0,90.0,64.0,100.0,84.0,56.0,,,0.0,0.0,0.0
B,1280,94.2,98.6,77.0,52.0,21.0,68.0,30.0,12.0,33.3,26.1,0.0,0.0,0.0
C,433,91.4,100.0,62.0,31.0,11.0,57.0,21.0,6.0,100.0,14.3,0.0,0.0,0.0
B,2244,95.2,95.6,74.0,49.0,20.0,72.0,36.0,14.0,37.3,21.3,0.0,0.0,0.0
B,1809,94.9,93.0,75.0,49.0,21.0,79.0,46.0,19.0,81.7,20.2,0.0,0.0,0.0
A,302,97.0,100.0,87.0,55.0,21.0,78.0,42.0,18.0,6.7,-1.0,0.0,0.0,0.0
B,1543,95.4,98.1,71.0,46.0,18.0,69.0,38.0,15.0,53.5,18.9,0.0,0.0,0.0
B,1855,91.9,82.5,67.0,40.0,13.0,60.0,27.0,11.0,56.2,1.7,0.0,0.0,0.0
A,355,96.6,100.0,87.0,66.0,29.0,87.0,64.0,33.0,47.1,0.0,0.0,0.0,0.0
B,176,96.0,100.0,77.0,51.0,19.0,66.0,33.0,13.0,100.0,0.0,0.0,0.0,0.0
B,149,95.0,-1.0,51.0,22.0,6.0,45.0,14.0,5.0,-1.0,-1.0,0.0,0.0,0.0
A,1036,94.2,90.9,88.0,70.0,37.0,88.0,59.0,31.0,54.2,30.8,0.0,0.0,0.0
C,573,93.9,97.8,82.0,57.0,21.0,73.0,39.0,16.0,80.5,18.2,0.0,0.0,0.0
A,1881,94.6,97.9,78.0,52.0,23.0,77.0,45.0,19.0,85.7,33.3,0.0,0.0,0.0
A,977,,,96.0,86.0,50.0,89.0,69.0,32.0,-2.0,76.0,0.0,0.0,0.0
A,305,95.5,,96.0,79.0,49.0,93.0,66.0,36.0,,,0.0,0.0,0.0
Not Rated: Data Under Review,178,79.4,83.8,27.0,18.0,1.0,59.0,16.0,2.0,2.5,-1.0,0.0,0.0,0.0
Not Rated: Senate Bill 1365,185,92.2,,58.0,26.0,18.0,33.0,11.0,8.0,,,0.0,0.0,0.0
B,25551,93.6,90.5,70.0,46.0,22.0,70.0,37.0,17.0,87.5,22.0,0.0,0.0,0.0
B,725,95.9,100.0,76.0,53.0,22.0,77.0,38.0,17.0,88.9,15.0,0.0,0.0,0.0
B,1279,97.3,100.0,69.0,41.0,15.0,69.0,32.0,11.0,62.4,20.7,0.0,0.0,0.0
A,7575,96.0,98.9,84.0,63.0,32.0,84.0,58.0,30.0,50.0,43.0,0.0,0.0,0.0
A,10860,96.0,98.3,84.0,64.0,34.0,80.0,48.0,24.0,96.4,30.1,0.0,0.0,0.0
B,1110,94.6,95.8,68.0,40.0,13.0,62.0,29.0,13.0,25.4,17.6,0.0,0.0,0.0
A,1745,95.3,100.0,90.0,71.0,36.0,91.0,65.0,34.0,89.3,47.0,0.0,0.0,0.0
A,1003,95.8,100.0,87.0,66.0,37.0,93.0,69.0,38.0,98.5,41.5,0.0,0.0,0.0
B,296,97.5,100.0,79.0,48.0,17.0,74.0,39.0,12.0,100.0,15.0,0.0,0.0,0.0
A,597,94.9,94.4,76.0,52.0,22.0,86.0,51.0,24.0,94.3,6.1,0.0,0.0,0.0
A,586,96.9,100.0,96.0,81.0,47.0,94.0,71.0,41.0,100.0,37.9,0.0,0.0,0.0
B,126,94.3,100.0,68.0,38.0,14.0,66.0,28.0,13.0,58.3,0.0,0.0,0.0,0.0
A,2315,95.7,100.0,83.0,59.0,25.0,86.0,54.0,24.0,41.8,25.4,0.0,0.0,0.0
A,315,96.4,91.7,86.0,62.0,27.0,82.0,54.0,23.0,77.3,35.3,0.0,0.0,0.0
C,1160,92.0,98.8,66.0,41.0,17.0,52.0,23.0,8.0,48.8,10.3,0.0,0.0,0.0
B,1101,94.5,98.0,76.0,51.0,21.0,75.0,44.0,20.0,48.9,21.7,0.0,0.0,0.0
A,249,97.5,100.0,97.0,84.0,49.0,93.0,59.0,31.0,92.9,30.8,0.0,0.0,0.0
A,755,96.9,100.0,90.0,72.0,40.0,90.0,62.0,28.0,76.2,62.5,0.0,0.0,0.0
B,3508,91.2,91.6,66.0,40.0,17.0,66.0,35.0,15.0,23.1,32.7,0.0,0.0,0.0
A,1007,95.3,94.2,88.0,67.0,33.0,87.0,60.0,30.0,27.3,50.0,0.0,0.0,0.0
C,101,94.8,,84.0,45.0,24.0,60.0,31.0,7.0,,,0.0,0.0,0.0
B,1320,96.4,94.6,77.0,51.0,21.0,74.0,43.0,18.0,42.2,47.4,0.0,0.0,0.0
B,1077,95.1,98.6,78.0,55.0,25.0,80.0,46.0,22.0,65.7,15.2,0.0,0.0,0.0
B,13358,96.3,94.0,73.0,47.0,19.0,70.0,38.0,18.0,21.6,24.3,0.0,0.0,0.0
A,960,95.0,98.8,79.0,56.0,24.0,80.0,45.0,18.0,91.8,14.1,0.0,0.0,0.0
A,194,97.2,100.0,92.0,75.0,42.0,98.0,89.0,56.0,66.7,16.7,0.0,0.0,0.0
Not Rated: Senate Bill 1365,125,94.5,-1.0,49.0,28.0,12.0,49.0,10.0,4.0,-1.0,20.0,0.0,0.0,0.0
C,193,93.6,,67.0,38.0,15.0,48.0,19.0,4.0,,,0.0,0.0,0.0
B,855,95.3,96.8,74.0,47.0,21.0,61.0,23.0,9.0,93.3,17.9,0.0,0.0,0.0
A,9866,97.6,95.5,78.0,54.0,26.0,72.0,41.0,19.0,82.7,45.8,0.0,0.0,0.0
B,558,97.0,97.4,96.0,79.0,39.0,91.0,67.0,33.0,16.2,66.7,0.0,0.0,0.0
B,3089,93.1,95.1,72.0,43.0,16.0,65.0,28.0,10.0,19.8,16.7,0.0,0.0,0.0
A,1764,96.4,99.2,91.0,71.0,38.0,89.0,62.0,33.0,60.7,44.6,0.0,0.0,0.0
B,533,93.3,92.9,78.0,47.0,20.0,73.0,31.0,12.0,70.0,25.0,0.0,0.0,0.0
B,1492,96.3,97.0,76.0,52.0,20.0,79.0,44.0,20.0,40.4,40.0,0.0,0.0,0.0
B,687,96.9,100.0,73.0,49.0,18.0,67.0,35.0,17.0,59.5,20.0,0.0,0.0,0.0
A,620,95.1,100.0,82.0,60.0,28.0,78.0,47.0,19.0,84.4,27.8,0.0,0.0,0.0
C,14066,92.7,85.0,58.0,32.0,12.0,53.0,23.0,9.0,83.7,7.8,0.0,0.0,0.0
A,1234,95.8,96.2,82.0,60.0,27.0,83.0,52.0,25.0,85.1,33.7,0.0,0.0,0.0
A,757,97.7,98.2,82.0,57.0,27.0,79.0,41.0,13.0,15.1,75.0,0.0,0.0,0.0
B,609,96.4,98.2,72.0,42.0,18.0,69.0,26.0,10.0,25.9,66.7,0.0,0.0,0.0
A,2951,96.2,100.0,87.0,66.0,34.0,87.0,57.0,28.0,63.3,45.8,0.0,0.0,0.0
B,2270,92.8,91.3,58.0,31.0,11.0,46.0,15.0,5.0,50.7,15.5,0.0,0.0,0.0
A,2400,96.1,100.0,85.0,65.0,33.0,85.0,50.0,21.0,49.7,34.5,0.0,0.0,0.0
A,699,96.0,100.0,86.0,63.0,29.0,86.0,53.0,22.0,69.1,57.9,0.0,0.0,0.0
B,162,97.6,,88.0,52.0,23.0,84.0,52.0,21.0,,,0.0,0.0,0.0
B,231,95.5,91.7,79.0,50.0,22.0,60.0,30.0,17.0,16.7,-1.0,0.0,0.0,0.0
A,283,96.5,100.0,93.0,73.0,35.0,96.0,69.0,31.0,100.0,43.8,0.0,0.0,0.0
B,1961,95.1,97.3,77.0,50.0,20.0,73.0,37.0,14.0,34.7,32.7,0.0,0.0,0.0
B,296,96.6,90.0,89.0,69.0,40.0,84.0,50.0,27.0,61.1,36.4,0.0,0.0,0.0
B,1143,95.3,95.5,66.0,41.0,13.0,61.0,24.0,9.0,100.0,13.9,0.0,0.0,0.0
B,1767,93.6,95.7,72.0,45.0,19.0,66.0,31.0,12.0,99.2,15.2,0.0,0.0,0.0
A,6757,94.9,98.9,86.0,63.0,33.0,82.0,52.0,25.0,41.4,28.8,0.0,0.0,0.0
B,297,94.2,100.0,86.0,62.0,25.0,73.0,36.0,13.0,100.0,0.0,0.0,0.0,0.0
A,363,97.6,,91.0,71.0,43.0,90.0,63.0,31.0,,,0.0,0.0,0.0
B,26387,93.3,90.0,69.0,44.0,20.0,68.0,38.0,17.0,58.1,29.5,0.0,0.0,0.0
B,3081,93.8,94.1,79.0,55.0,27.0,80.0,48.0,21.0,98.6,20.3,0.0,0.0,0.0
B,1569,95.0,95.0,69.0,46.0,21.0,72.0,37.0,18.0,49.6,22.4,0.0,0.0,0.0
B,163,97.0,,92.0,71.0,29.0,82.0,43.0,20.0,,,0.0,0.0,0.0
A,409,96.7,94.1,87.0,68.0,28.0,90.0,57.0,28.0,83.9,42.3,0.0,0.0,0.0
B,1416,94.0,99.1,73.0,47.0,18.0,72.0,34.0,13.0,43.1,20.0,0.0,0.0,0.0
B,594,96.2,98.0,77.0,50.0,19.0,76.0,33.0,12.0,80.4,31.7,0.0,0.0,0.0
B,140,95.1,100.0,64.0,36.0,11.0,49.0,21.0,10.0,66.7,16.7,0.0,0.0,0.0
A,532,96.1,100.0,93.0,73.0,38.0,93.0,71.0,37.0,71.9,34.8,0.0,0.0,0.0
A,195,95.0,71.4,81.0,52.0,17.0,88.0,60.0,21.0,0.0,,0.0,0.0,0.0
B,123,99.6,100.0,83.0,42.0,6.0,81.0,42.0,25.0,100.0,66.7,0.0,0.0,0.0
B,872,94.1,96.8,76.0,49.0,21.0,77.0,43.0,17.0,67.7,18.2,0.0,0.0,0.0
B,133,92.0,85.7,71.0,38.0,22.0,63.0,38.0,19.0,0.0,,0.0,0.0,0.0
B,258,94.5,100.0,77.0,50.0,19.0,77.0,44.0,23.0,70.6,41.7,0.0,0.0,0.0
B,1685,94.7,97.7,73.0,48.0,19.0,66.0,27.0,9.0,70.0,20.2,0.0,0.0,0.0
B,805,94.4,98.1,76.0,48.0,21.0,79.0,43.0,19.0,81.5,11.4,0.0,0.0,0.0
B,144,94.2,80.0,70.0,40.0,20.0,67.0,31.0,7.0,-1.0,-1.0,0.0,0.0,0.0
A,148,97.5,,90.0,65.0,40.0,95.0,76.0,47.0,,,0.0,0.0,0.0
A,147,96.2,100.0,89.0,63.0,23.0,79.0,49.0,23.0,88.9,0.0,0.0,0.0,0.0
B,175,95.4,100.0,89.0,67.0,30.0,76.0,38.0,13.0,90.9,0.0,0.0,0.0,0.0
A,322,95.9,100.0,86.0,61.0,25.0,81.0,47.0,22.0,84.0,19.0,0.0,0.0,0.0
Not Rated: Senate Bill 1365,341,89.6,,61.0,28.0,14.0,36.0,10.0,2.0,,,0.0,0.0,0.0
B,67490,96.2,96.5,82.0,63.0,34.0,82.0,57.0,32.0,59.9,59.2,0.0,0.0,0.0
A,9328,95.0,97.2,86.0,67.0,35.0,89.0,66.0,37.0,80.0,44.1,0.0,0.0,0.0
C,8395,95.4,94.0,73.0,48.0,20.0,66.0,31.0,11.0,89.1,16.5,0.0,0.0,0.0
A,13613,94.0,95.1,78.0,57.0,28.0,77.0,46.0,23.0,65.8,43.1,0.0,0.0,0.0
B,4362,92.7,93.5,69.0,41.0,17.0,68.0,28.0,10.0,53.6,13.6,0.0,0.0,0.0
B,17098,92.4,94.2,70.0,46.0,19.0,68.0,37.0,16.0,91.6,9.7,0.0,0.0,0.0
B,4268,93.7,97.6,79.0,52.0,21.0,82.0,49.0,20.0,45.9,12.1,0.0,0.0,0.0
A,618,95.4,100.0,80.0,54.0,23.0,81.0,42.0,20.0,35.0,21.4,0.0,0.0,0.0
B,994,92.9,100.0,74.0,44.0,15.0,67.0,29.0,11.0,37.4,17.6,0.0,0.0,0.0
A,866,94.0,98.0,84.0,59.0,23.0,81.0,46.0,17.0,65.3,18.8,0.0,0.0,0.0
A,157,98.6,100.0,87.0,64.0,26.0,83.0,55.0,22.0,100.0,9.1,0.0,0.0,0.0
A,256,98.8,,98.0,88.0,66.0,98.0,86.0,61.0,,,0.0,0.0,0.0
B,407,96.1,90.0,72.0,48.0,17.0,73.0,36.0,18.0,100.0,10.5,0.0,0.0,0.0
A,554,95.9,100.0,80.0,58.0,22.0,69.0,33.0,14.0,86.0,37.8,0.0,0.0,0.0
B,748,95.5,100.0,81.0,57.0,28.0,80.0,43.0,16.0,50.0,36.8,0.0,0.0,0.0
C,5883,91.4,94.2,65.0,40.0,16.0,57.0,28.0,11.0,35.4,30.8,0.0,0.0,0.0
A,759,96.2,100.0,87.0,61.0,29.0,82.0,48.0,21.0,88.4,10.5,0.0,0.0,0.0
A,1137,96.3,98.7,88.0,72.0,41.0,89.0,64.0,30.0,92.3,40.3,0.0,0.0,0.0
B,344,95.9,96.7,80.0,52.0,23.0,71.0,24.0,10.0,69.0,0.0,0.0,0.0,0.0
B,93,95.8,,78.0,51.0,24.0,65.0,22.0,8.0,,,0.0,0.0,0.0
B,456,96.3,100.0,83.0,62.0,31.0,81.0,56.0,25.0,59.4,52.6,0.0,0.0,0.0
B,903,93.7,98.2,80.0,53.0,24.0,78.0,47.0,20.0,93.0,13.2,0.0,0.0,0.0
B,5996,93.4,85.0,72.0,47.0,20.0,72.0,42.0,18.0,83.9,19.5,0.0,0.0,0.0
C,435,93.9,100.0,74.0,44.0,20.0,72.0,35.0,12.0,36.4,50.0,0.0,0.0,0.0
B,552,94.0,100.0,74.0,44.0,16.0,78.0,37.0,15.0,79.2,10.5,0.0,0.0,0.0
B,831,94.9,92.7,88.0,62.0,28.0,83.0,49.0,26.0,42.3,36.4,0.0,0.0,0.0
A,993,95.1,95.7,75.0,50.0,21.0,74.0,47.0,22.0,45.6,19.4,0.0,0.0,0.0
B,232,91.8,87.5,58.0,35.0,15.0,56.0,21.0,6.0,100.0,7.1,0.0,0.0,0.0
B,958,92.6,98.4,74.0,43.0,18.0,66.0,31.0,9.0,30.0,5.6,0.0,0.0,0.0
B,529,94.0,97.6,81.0,57.0,26.0,67.0,33.0,13.0,37.5,26.7,0.0,0.0,0.0
B,3076,93.5,95.5,60.0,35.0,15.0,41.0,14.0,5.0,100.0,17.4,0.0,0.0,0.0
B,2052,94.0,95.2,64.0,40.0,15.0,63.0,31.0,10.0,38.7,15.1,0.0,0.0,0.0
B,155,96.3,100.0,96.0,70.0,30.0,84.0,40.0,10.0,94.4,35.3,0.0,0.0,0.0
A,225,97.3,100.0,90.0,67.0,35.0,94.0,71.0,36.0,62.5,10.0,0.0,0.0,0.0
B,166,94.4,,81.0,46.0,27.0,56.0,20.0,6.0,,,0.0,0.0,0.0
Not Rated: Senate Bill 1365,121,95.7,,84.0,59.0,44.0,58.0,18.0,7.0,,,0.0,0.0,0.0
B,495,97.5,,92.0,74.0,46.0,85.0,50.0,20.0,,,0.0,0.0,0.0
B,400,94.1,94.9,83.0,60.0,25.0,71.0,31.0,12.0,26.3,30.0,0.0,0.0,0.0
A,1457,97.7,97.5,81.0,57.0,24.0,83.0,54.0,30.0,59.1,15.4,0.0,0.0,0.0
B,3856,94.9,95.8,82.0,59.0,28.0,82.0,51.0,24.0,96.2,25.5,0.0,0.0,0.0
B,33107,91.3,95.5,71.0,46.0,20.0,69.0,36.0,15.0,44.9,30.8,0.0,0.0,0.0
B,272,96.0,,87.0,63.0,38.0,81.0,45.0,18.0,,,0.0,0.0,0.0
A,1427,97.9,97.5,93.0,78.0,42.0,94.0,73.0,41.0,74.4,67.2,0.0,0.0,0.0
A,524,95.8,100.0,89.0,68.0,33.0,87.0,63.0,30.0,68.1,75.0,0.0,0.0,0.0
B,2479,84.5,87.0,59.0,37.0,13.0,52.0,22.0,8.0,97.8,3.0,0.0,0.0,0.0
B,3745,93.6,91.5,81.0,58.0,27.0,74.0,39.0,15.0,100.0,38.5,0.0,0.0,0.0
A,858,91.6,96.6,86.0,62.0,26.0,83.0,50.0,20.0,41.1,17.4,0.0,0.0,0.0
A,5523,95.7,85.6,85.0,64.0,32.0,82.0,53.0,27.0,53.1,54.5,0.0,0.0,0.0
B,1964,89.5,93.0,71.0,44.0,17.0,66.0,29.0,10.0,45.3,12.1,0.0,0.0,0.0
A,2046,94.7,99.4,84.0,62.0,26.0,83.0,53.0,26.0,38.0,25.0,0.0,0.0,0.0
Not Rated,178,97.3,100.0,78.0,53.0,15.0,71.0,47.0,19.0,39.6,31.6,0.0,0.0,0.0
A,368,97.8,100.0,95.0,78.0,40.0,95.0,73.0,41.0,77.8,47.6,0.0,0.0,0.0
B,113,96.0,100.0,92.0,53.0,18.0,74.0,27.0,10.0,83.3,10.0,0.0,0.0,0.0
B,230,97.0,,82.0,56.0,21.0,81.0,47.0,19.0,64.7,0.0,0.0,0.0,0.0
B,3090,95.4,94.4,82.0,61.0,31.0,81.0,46.0,19.0,74.2,28.5,0.0,0.0,0.0
B,1843,95.5,97.3,82.0,56.0,25.0,81.0,44.0,18.0,87.4,21.6,0.0,0.0,0.0
B,2555,89.3,87.7,55.0,31.0,11.0,47.0,18.0,6.0,47.6,8.6,0.0,0.0,0.0
B,4254,94.3,85.0,71.0,47.0,22.0,74.0,42.0,20.0,51.1,28.1,0.0,0.0,0.0
B,3223,93.5,95.9,74.0,48.0,20.0,69.0,35.0,14.0,49.7,38.9,0.0,0.0,0.0
B,264,95.6,100.0,75.0,44.0,20.0,66.0,30.0,11.0,62.5,20.0,0.0,0.0,0.0
B,321,95.2,92.0,70.0,47.0,22.0,66.0,32.0,11.0,58.3,21.4,0.0,0.0,0.0
B,3228,94.8,95.9,69.0,42.0,16.0,68.0,35.0,14.0,28.2,27.1,0.0,0.0,0.0
A,496,96.9,100.0,89.0,59.0,32.0,87.0,57.0,28.0,44.7,47.1,0.0,0.0,0.0
B,162,96.8,100.0,65.0,34.0,14.0,70.0,35.0,18.0,63.6,14.3,0.0,0.0,0.0
A,84,97.0,,94.0,82.0,55.0,100.0,73.0,33.0,,,0.0,0.0,0.0
B,209,96.7,96.4,73.0,54.0,12.0,66.0,36.0,22.0,16.4,44.4,0.0,0.0,0.0
A,686,96.3,96.4,88.0,66.0,32.0,89.0,62.0,29.0,89.1,20.4,0.0,0.0,0.0
B,2668,94.4,94.6,77.0,52.0,24.0,74.0,42.0,17.0,45.7,36.7,0.0,0.0,0.0
B,487,94.2,100.0,79.0,51.0,24.0,76.0,38.0,11.0,75.0,29.6,0.0,0.0,0.0
A,149,93.4,100.0,73.0,48.0,1.0,39.0,3.0,0.0,3.7,-1.0,0.0,0.0,0.0
B,644,95.5,100.0,84.0,55.0,28.0,82.0,49.0,24.0,55.6,30.0,0.0,0.0,0.0
C,3883,95.3,91.0,76.0,51.0,21.0,74.0,39.0,17.0,38.2,33.3,0.0,0.0,0.0
B,8005,93.2,97.1,75.0,52.0,24.0,72.0,39.0,16.0,41.3,46.2,0.0,0.0,0.0
A,1100,95.6,97.3,80.0,56.0,25.0,83.0,50.0,25.0,50.0,34.2,0.0,0.0,0.0
A,7325,96.3,98.7,90.0,77.0,47.0,90.0,66.0,38.0,87.0,56.1,0.0,0.0,0.0
B,1622,95.3,97.8,83.0,61.0,30.0,76.0,43.0,21.0,38.2,50.0,0.0,0.0,0.0
A,2002,96.2,99.1,91.0,76.0,41.0,90.0,65.0,31.0,83.2,50.0,0.0,0.0,0.0
B,244,97.4,,73.0,48.0,18.0,77.0,36.0,14.0,,,0.0,0.0,0.0
A,458,96.0,100.0,74.0,47.0,15.0,72.0,38.0,18.0,100.0,10.5,0.0,0.0,0.0
B,585,96.2,100.0,88.0,66.0,33.0,90.0,67.0,37.0,87.8,19.4,0.0,0.0,0.0
B,1078,96.2,100.0,73.0,45.0,15.0,69.0,31.0,10.0,20.0,23.1,0.0,0.0,0.0
B,164,96.0,87.5,83.0,54.0,20.0,78.0,39.0,16.0,100.0,14.3,0.0,0.0,0.0
B,240,95.9,100.0,85.0,58.0,29.0,85.0,46.0,17.0,100.0,36.4,0.0,0.0,0.0
B,2230,83.0,92.5,67.0,39.0,15.0,65.0,31.0,13.0,3.4,20.0,0.0,0.0,0.0
B,323,94.8,100.0,71.0,43.0,20.0,64.0,22.0,8.0,28.6,-1.0,0.0,0.0,0.0
B,529,95.0,97.4,80.0,52.0,18.0,81.0,43.0,14.0,91.9,32.4,0.0,0.0,0.0
B,655,94.9,97.3,77.0,54.0,25.0,78.0,45.0,22.0,71.8,10.7,6.0,-1.0,-4.0
B,529,95.0,97.4,80.0,52.0,18.0,81.0,43.0,14.0,91.9,32.4,-6.0,1.0,4.0
B,655,94.9,97.3,77.0,54.0,25.0,78.0,45.0,22.0,71.8,10.7,0.0,0.0,0.0
C,244,95.0,100.0,66.0,38.0,11.0,55.0,24.0,10.0,37.5,16.7,0.0,0.0,0.0
A,817,96.1,98.3,77.0,51.0,22.0,74.0,39.0,16.0,57.6,14.7,0.0,0.0,0.0
B,219,96.3,100.0,62.0,35.0,11.0,48.0,17.0,7.0,35.3,16.7,0.0,0.0,0.0
B,4013,95.3,87.3,72.0,48.0,22.0,75.0,44.0,21.0,84.1,23.3,0.0,0.0,0.0
B,1213,94.7,96.6,84.0,56.0,24.0,85.0,50.0,20.0,59.6,38.2,0.0,0.0,0.0
B,30748,91.9,92.2,76.0,51.0,23.0,77.0,45.0,20.0,95.8,23.8,0.0,0.0,0.0
B,1340,92.7,89.7,73.0,46.0,18.0,72.0,37.0,14.0,98.9,7.0,0.0,0.0,0.0
A,1546,96.0,99.2,88.0,71.0,39.0,88.0,58.0,29.0,84.3,32.4,0.0,0.0,0.0
B,270,94.9,96.0,75.0,47.0,21.0,67.0,31.0,13.0,33.3,25.0,0.0,0.0,0.0
B,1046,90.7,87.5,68.0,42.0,14.0,72.0,40.0,16.0,75.6,19.1,0.0,0.0,0.0
C,1727,94.8,94.6,72.0,43.0,16.0,63.0,24.0,7.0,59.8,23.4,0.0,0.0,0.0
A,10659,94.7,96.2,86.0,65.0,34.0,88.0,60.0,30.0,94.9,22.4,0.0,0.0,0.0
B,812,94.0,95.7,72.0,49.0,23.0,69.0,36.0,12.0,92.6,6.3,0.0,0.0,0.0
Not Rated: Senate Bill 1365,202,86.3,50.0,56.0,29.0,4.0,34.0,12.0,3.0,12.5,-1.0,0.0,0.0,0.0
B,328,96.5,80.0,78.0,49.0,22.0,73.0,40.0,18.0,46.2,16.7,0.0,0.0,0.0
A,358,95.7,100.0,83.0,64.0,27.0,86.0,59.0,30.0,47.8,27.3,0.0,0.0,0.0
A,684,93.9,97.6,82.0,57.0,26.0,87.0,57.0,28.0,64.3,22.2,0.0,0.0,0.0
C,522,93.1,94.3,61.0,32.0,11.0,45.0,19.0,4.0,70.6,4.2,0.0,0.0,0.0
B,528,95.4,100.0,68.0,43.0,17.0,79.0,45.0,21.0,69.2,3.7,0.0,0.0,0.0
B,2671,92.0,90.3,68.0,38.0,14.0,67.0,31.0,12.0,63.0,11.5,0.0,0.0,0.0
B,148,94.8,100.0,71.0,42.0,15.0,57.0,16.0,6.0,90.9,5.0,0.0,0.0,0.0
B,131,93.7,100.0,79.0,48.0,18.0,81.0,41.0,21.0,83.3,40.0,0.0,0.0,0.0
B,437,94.0,95.7,76.0,53.0,22.0,70.0,37.0,16.0,52.0,30.8,0.0,0.0,0.0
B,689,93.7,100.0,72.0,47.0,20.0,75.0,37.0,13.0,54.3,24.0,0.0,0.0,0.0
A,196,96.2,100.0,95.0,64.0,30.0,90.0,53.0,29.0,100.0,0.0,0.0,0.0,0.0
B,496,95.3,93.5,86.0,59.0,27.0,85.0,45.0,18.0,90.3,28.6,0.0,0.0,0.0
B,142,95.0,90.9,60.0,28.0,4.0,56.0,18.0,5.0,41.7,0.0,0.0,0.0,0.0
A,1347,96.5,96.5,91.0,73.0,41.0,96.0,73.0,39.0,68.7,43.9,0.0,0.0,0.0
B,737,93.1,84.3,50.0,27.0,11.0,49.0,15.0,5.0,84.1,2.7,0.0,0.0,0.0
B,611,97.8,100.0,96.0,87.0,53.0,95.0,70.0,36.0,12.9,-1.0,0.0,0.0,0.0
A,17818,97.1,99.0,87.0,68.0,35.0,86.0,61.0,33.0,57.2,60.4,0.0,0.0,0.0
A,7610,97.2,95.7,78.0,54.0,26.0,80.0,48.0,23.0,80.8,25.5,0.0,0.0,0.0
C,837,93.0,95.8,77.0,52.0,22.0,68.0,35.0,13.0,44.1,20.0,0.0,0.0,0.0
A,486,96.1,100.0,90.0,72.0,35.0,92.0,77.0,48.0,93.5,51.7,0.0,0.0,0.0
A,552,95.0,100.0,74.0,48.0,25.0,71.0,38.0,18.0,55.3,23.8,0.0,0.0,0.0
A,141,96.6,100.0,81.0,48.0,18.0,73.0,42.0,23.0,71.4,0.0,0.0,0.0,0.0
Not Rated: Senate Bill 1365,3410,95.6,92.5,64.0,39.0,16.0,58.0,28.0,11.0,63.6,15.8,0.0,0.0,0.0
A,156,97.1,92.3,80.0,52.0,14.0,87.0,64.0,28.0,50.0,0.0,0.0,0.0,0.0
A,244,94.6,100.0,87.0,60.0,19.0,75.0,41.0,21.0,0.0,,0.0,0.0,0.0
B,467,94.8,88.5,81.0,53.0,24.0,76.0,34.0,18.0,100.0,0.0,0.0,0.0,0.0
B,473,95.6,100.0,79.0,48.0,23.0,74.0,40.0,14.0,17.2,20.0,0.0,0.0,0.0
B,1470,96.0,99.2,82.0,56.0,23.0,82.0,51.0,23.0,34.5,17.5,0.0,0.0,0.0
B,607,95.1,97.8,79.0,50.0,20.0,77.0,38.0,15.0,7.1,-1.0,0.0,0.0,0.0
B,1038,95.6,100.0,77.0,54.0,23.0,78.0,40.0,14.0,41.8,25.0,0.0,0.0,0.0
B,901,94.1,88.9,78.0,52.0,25.0,81.0,44.0,17.0,27.1,31.3,0.0,0.0,0.0
B,559,92.7,100.0,69.0,44.0,16.0,70.0,29.0,11.0,75.0,25.9,0.0,0.0,0.0
C,662,92.7,96.6,50.0,29.0,10.0,46.0,15.0,8.0,27.8,13.3,0.0,0.0,0.0
A,365,94.2,100.0,82.0,54.0,25.0,82.0,56.0,27.0,52.6,60.0,0.0,0.0,0.0
Not Rated: Senate Bill 1365,1586,90.4,92.5,64.0,40.0,15.0,58.0,23.0,9.0,30.3,30.0,0.0,0.0,0.0
B,1909,92.9,94.6,62.0,36.0,14.0,66.0,32.0,12.0,44.7,23.6,0.0,0.0,0.0
C,1674,93.5,98.1,75.0,46.0,19.0,62.0,26.0,10.0,16.7,41.2,0.0,0.0,0.0
B,4717,93.9,94.3,78.0,55.0,26.0,76.0,45.0,23.0,88.1,28.6,0.0,0.0,0.0
B,1998,95.2,98.6,80.0,57.0,26.0,80.0,47.0,21.0,79.1,9.1,0.0,0.0,0.0
B,1441,92.5,93.0,78.0,51.0,22.0,76.0,42.0,16.0,77.9,14.9,0.0,0.0,0.0
B,837,92.1,100.0,74.0,47.0,18.0,66.0,31.0,11.0,12.9,25.0,0.0,0.0,0.0
A,2027,95.1,98.5,74.0,47.0,21.0,71.0,38.0,16.0,56.4,13.3,0.0,0.0,0.0
B,888,91.6,94.7,61.0,34.0,13.0,62.0,30.0,11.0,88.7,2.1,0.0,0.0,0.0
B,730,94.5,100.0,79.0,51.0,22.0,74.0,38.0,18.0,93.8,17.8,0.0,0.0,0.0
B,120,95.4,100.0,71.0,39.0,17.0,77.0,31.0,8.0,0.0,,0.0,0.0,0.0
B,126,97.3,84.6,85.0,68.0,33.0,77.0,34.0,14.0,80.0,50.0,0.0,0.0,0.0
A,499,95.8,97.4,83.0,53.0,21.0,84.0,48.0,24.0,71.8,50.0,0.0,0.0,0.0
C,258,94.6,100.0,61.0,42.0,17.0,44.0,17.0,4.0,47.1,0.0,0.0,0.0,0.0
B,2551,92.6,93.9,66.0,39.0,16.0,70.0,37.0,18.0,29.9,18.6,0.0,0.0,0.0
A,275,98.1,100.0,92.0,79.0,39.0,93.0,70.0,43.0,100.0,7.7,0.0,0.0,0.0
B,510,96.2,94.6,81.0,55.0,22.0,75.0,41.0,17.0,71.4,48.0,0.0,0.0,0.0
C,114,89.5,100.0,54.0,36.0,15.0,41.0,14.0,3.0,0.0,,0.0,0.0,0.0
A,2518,94.5,98.8,78.0,49.0,18.0,79.0,41.0,17.0,70.6,9.2,0.0,0.0,0.0
A,681,94.7,95.5,85.0,62.0,26.0,87.0,51.0,20.0,76.2,12.5,0.0,0.0,0.0
A,773,95.4,100.0,86.0,60.0,27.0,86.0,53.0,28.0,50.9,34.5,0.0,0.0,0.0
A,472,95.3,100.0,70.0,48.0,17.0,78.0,43.0,21.0,35.0,28.6,0.0,0.0,0.0
B,643,94.8,97.8,67.0,38.0,14.0,71.0,25.0,7.0,64.4,17.2,0.0,0.0,0.0
C,68,95.4,,74.0,43.0,26.0,54.0,26.0,11.0,,,0.0,0.0,0.0
A,108,96.7,,89.0,66.0,31.0,86.0,60.0,31.0,,,0.0,0.0,0.0
B,579,96.0,95.3,79.0,61.0,27.0,73.0,38.0,19.0,58.5,12.5,0.0,0.0,0.0
B,1926,94.4,93.0,75.0,47.0,22.0,68.0,31.0,11.0,57.8,33.3,0.0,0.0,0.0
A,853,97.7,97.9,93.0,79.0,49.0,86.0,63.0,32.0,26.1,58.3,0.0,0.0,0.0
B,923,95.4,100.0,75.0,53.0,26.0,75.0,39.0,12.0,43.9,40.0,0.0,0.0,0.0
A,2788,95.5,98.0,90.0,72.0,38.0,89.0,63.0,34.0,69.2,36.7,0.0,0.0,0.0
A,4244,96.0,97.9,90.0,75.0,45.0,92.0,74.0,49.0,32.9,59.0,0.0,0.0,0.0
A,1050,93.8,100.0,85.0,65.0,35.0,84.0,54.0,26.0,25.8,31.3,0.0,0.0,0.0
B,18126,94.3,97.0,71.0,48.0,22.0,70.0,39.0,18.0,40.5,34.1,0.0,0.0,0.0
A,4896,93.6,93.5,88.0,70.0,37.0,90.0,67.0,38.0,36.4,60.2,0.0,0.0,0.0
B,3393,93.3,95.6,67.0,42.0,16.0,56.0,21.0,7.0,33.2,26.0,0.0,0.0,0.0
A,1042,95.4,100.0,88.0,64.0,29.0,89.0,58.0,27.0,52.4,47.7,15.0,27.0,24.0
B,3393,93.3,95.6,67.0,42.0,16.0,56.0,21.0,7.0,33.2,26.0,-15.0,-27.0,-24.0
A,1042,95.4,100.0,88.0,64.0,29.0,89.0,58.0,27.0,52.4,47.7,0.0,0.0,0.0
B,1077,93.5,92.1,75.0,52.0,24.0,69.0,39.0,17.0,100.0,5.3,0.0,0.0,0.0
B,182,90.8,66.7,54.0,31.0,0.0,50.0,10.0,10.0,0.0,,0.0,0.0,0.0
A,1982,95.8,97.2,89.0,68.0,34.0,82.0,48.0,21.0,72.1,40.6,0.0,0.0,0.0
A,9007,97.9,97.8,64.0,39.0,15.0,64.0,31.0,13.0,13.7,26.3,0.0,0.0,0.0
B,190,99.1,100.0,76.0,47.0,18.0,71.0,25.0,6.0,50.0,20.0,0.0,0.0,0.0
A,5621,95.9,92.1,72.0,50.0,24.0,78.0,48.0,25.0,39.6,15.2,0.0,0.0,0.0
B,1414,94.8,96.1,70.0,44.0,18.0,73.0,38.0,21.0,46.2,16.7,0.0,0.0,0.0
A,337,95.6,100.0,83.0,61.0,24.0,84.0,43.0,21.0,100.0,33.3,0.0,0.0,0.0
A,184,97.5,95.2,84.0,66.0,31.0,78.0,46.0,22.0,57.1,25.0,0.0,0.0,0.0
A,684,95.9,100.0,86.0,61.0,27.0,80.0,51.0,24.0,64.8,17.1,0.0,0.0,0.0
A,259,96.3,100.0,90.0,65.0,27.0,90.0,63.0,32.0,100.0,41.7,0.0,0.0,0.0
C,943,93.0,100.0,57.0,28.0,9.0,54.0,21.0,6.0,53.0,17.1,0.0,0.0,0.0
B,271,95.2,94.1,76.0,46.0,15.0,71.0,33.0,10.0,100.0,25.0,0.0,0.0,0.0
A,323,99.0,94.7,90.0,73.0,42.0,86.0,57.0,25.0,100.0,33.3,0.0,0.0,0.0
A,1526,98.8,,93.0,74.0,51.0,86.0,56.0,32.0,,,0.0,0.0,0.0
A,653,96.7,100.0,95.0,77.0,47.0,86.0,50.0,21.0,50.0,54.5,0.0,0.0,0.0
A,877,97.4,98.5,97.0,87.0,56.0,96.0,79.0,54.0,74.2,93.9,0.0,0.0,0.0
C,185,95.3,,83.0,56.0,34.0,53.0,22.0,3.0,,,0.0,0.0,0.0
B,293,97.6,,93.0,70.0,36.0,80.0,48.0,24.0,,,0.0,0.0,0.0
C,693,95.6,,71.0,40.0,23.0,55.0,25.0,11.0,,,0.0,0.0,0.0
B,3032,96.2,97.0,79.0,53.0,25.0,67.0,31.0,12.0,100.0,14.2,0.0,0.0,0.0
A,1431,95.9,97.5,80.0,54.0,27.0,68.0,32.0,12.0,100.0,34.2,0.0,0.0,0.0
B,55594,93.8,87.7,69.0,46.0,20.0,65.0,34.0,15.0,88.8,26.9,0.0,0.0,0.0
B,22447,95.7,91.0,76.0,53.0,25.0,75.0,44.0,21.0,60.7,43.6,0.0,0.0,0.0
B,5457,96.7,88.7,67.0,40.0,16.0,64.0,30.0,12.0,81.4,11.1,0.0,0.0,0.0
B,74326,92.8,85.7,62.0,38.0,14.0,56.0,25.0,10.0,91.7,18.3,0.0,0.0,0.0
A,13930,97.7,95.7,88.0,73.0,43.0,86.0,62.0,34.0,88.1,56.1,0.0,0.0,0.0
B,34336,95.2,93.4,84.0,65.0,31.0,81.0,53.0,27.0,74.6,53.7,0.0,0.0,0.0
B,35240,96.0,94.9,81.0,59.0,28.0,80.0,51.0,25.0,79.7,37.3,0.0,0.0,0.0
Not Rated: Senate Bill 1365,3632,91.7,92.9,56.0,29.0,9.0,45.0,16.0,6.0,38.3,20.0,0.0,0.0,0.0
B,16227,96.2,91.5,67.0,44.0,17.0,61.0,29.0,12.0,93.0,12.0,0.0,0.0,0.0
B,2836,98.1,97.0,73.0,51.0,21.0,70.0,34.0,13.0,72.0,37.7,0.0,0.0,0.0
B,6864,91.4,93.2,78.0,54.0,25.0,77.0,44.0,20.0,59.4,36.8,0.0,0.0,0.0
A,22814,97.4,97.7,84.0,64.0,33.0,86.0,60.0,32.0,35.3,57.9,0.0,0.0,0.0
B,3636,96.4,92.8,68.0,41.0,17.0,66.0,29.0,11.0,85.4,11.3,0.0,0.0,0.0
B,22381,95.6,96.3,79.0,56.0,25.0,73.0,40.0,17.0,38.8,39.7,0.0,0.0,0.0
A,8382,97.5,99.9,97.0,90.0,62.0,97.0,87.0,65.0,87.0,82.2,0.0,0.0,0.0
B,6981,93.4,91.4,74.0,51.0,24.0,71.0,38.0,17.0,89.9,19.9,0.0,0.0,0.0
B,15236,97.3,93.4,84.0,61.0,32.0,74.0,40.0,18.0,67.7,56.1,0.0,0.0,0.0
C,15274,94.1,94.1,67.0,43.0,18.0,64.0,31.0,13.0,83.4,15.8,0.0,0.0,0.0
B,1082,95.0,98.8,70.0,46.0,19.0,66.0,34.0,13.0,47.7,22.0,0.0,0.0,0.0
B,138,94.2,75.0,68.0,40.0,13.0,57.0,28.0,14.0,100.0,8.3,0.0,0.0,0.0
A,1576,96.2,100.0,89.0,72.0,31.0,88.0,58.0,28.0,87.1,40.7,0.0,0.0,0.0
A,133,95.8,100.0,85.0,61.0,33.0,81.0,45.0,28.0,50.0,-1.0,0.0,0.0,0.0
B,1640,94.6,97.1,56.0,33.0,11.0,58.0,26.0,9.0,82.5,13.6,0.0,0.0,0.0
B,270,96.2,100.0,72.0,43.0,16.0,59.0,30.0,14.0,100.0,11.8,0.0,0.0,0.0
A,284,96.2,100.0,84.0,57.0,24.0,83.0,55.0,28.0,93.3,21.4,0.0,0.0,0.0
B,156,96.4,100.0,67.0,35.0,10.0,44.0,18.0,2.0,100.0,0.0,0.0,0.0,0.0
B,160,97.3,100.0,77.0,57.0,18.0,76.0,45.0,22.0,41.7,0.0,0.0,0.0,0.0
B,5139,94.0,99.4,78.0,52.0,22.0,78.0,46.0,21.0,44.5,23.5,0.0,0.0,0.0
C,804,97.4,,76.0,50.0,22.0,73.0,40.0,20.0,,,0.0,0.0,0.0
B,3511,95.2,97.1,71.0,43.0,17.0,57.0,23.0,8.0,48.6,26.5,0.0,0.0,0.0
A,562,95.6,100.0,91.0,73.0,34.0,88.0,53.0,19.0,53.8,38.1,0.0,0.0,0.0
B,13798,91.4,89.7,64.0,41.0,18.0,58.0,28.0,10.0,65.8,27.9,0.0,0.0,0.0
B,350,96.3,93.8,80.0,52.0,18.0,76.0,40.0,12.0,50.0,50.0,0.0,0.0,0.0
A,1283,97.4,100.0,95.0,82.0,50.0,96.0,76.0,43.0,80.0,46.4,0.0,0.0,0.0
B,1132,95.2,100.0,67.0,44.0,17.0,70.0,36.0,15.0,83.3,10.0,0.0,0.0,0.0
B,277,95.7,92.3,86.0,63.0,32.0,76.0,36.0,18.0,33.3,-1.0,0.0,0.0,0.0
B,666,100.0,,93.0,80.0,25.0,75.0,43.0,20.0,51.4,86.5,0.0,0.0,0.0
B,1643,94.5,97.4,68.0,41.0,20.0,63.0,29.0,11.0,86.5,6.3,0.0,0.0,0.0
B,1422,96.0,90.5,85.0,66.0,36.0,79.0,44.0,23.0,67.2,64.1,0.0,0.0,0.0
B,392,96.5,,69.0,43.0,15.0,62.0,25.0,11.0,100.0,5.9,0.0,0.0,0.0
B,532,94.2,34.4,42.0,26.0,8.0,38.0,20.0,10.0,18.8,-1.0,0.0,0.0,0.0
A,354,99.0,93.1,97.0,89.0,56.0,96.0,79.0,51.0,73.1,84.2,0.0,0.0,0.0
B,4224,96.8,95.3,74.0,52.0,25.0,72.0,42.0,22.0,43.5,41.1,0.0,0.0,0.0
A,496,96.2,97.0,76.0,49.0,21.0,81.0,42.0,15.0,25.0,87.5,0.0,0.0,0.0
B,302,96.9,,82.0,63.0,41.0,73.0,49.0,27.0,,,0.0,0.0,0.0
B,32318,95.5,95.2,71.0,46.0,22.0,62.0,28.0,12.0,100.0,19.3,0.0,0.0,0.0
C,430,95.0,,86.0,64.0,40.0,59.0,23.0,9.0,,,0.0,0.0,0.0
B,1018,91.7,92.5,67.0,38.0,16.0,61.0,23.0,7.0,8.2,-1.0,0.0,0.0,0.0
B,2312,92.6,84.5,55.0,31.0,9.0,58.0,19.0,7.0,100.0,9.5,0.0,0.0,0.0
C,470,98.7,,79.0,56.0,34.0,67.0,31.0,16.0,,,0.0,0.0,0.0
Not Rated,844,75.1,26.4,51.0,31.0,3.0,45.0,14.0,0.0,0.0,,0.0,0.0,0.0
A,1378,98.0,,89.0,72.0,44.0,84.0,54.0,28.0,,,0.0,0.0,0.0
B,71883,95.2,96.3,75.0,57.0,31.0,70.0,42.0,22.0,92.6,44.8,0.0,0.0,0.0
B,25348,95.6,96.0,74.0,53.0,25.0,69.0,38.0,17.0,98.7,32.5,0.0,0.0,0.0
C,9029,93.1,92.3,63.0,38.0,13.0,48.0,20.0,8.0,77.2,11.0,0.0,0.0,0.0
A,7809,97.7,99.4,95.0,84.0,52.0,95.0,77.0,48.0,79.3,86.6,0.0,0.0,0.0
B,10853,96.5,94.4,59.0,35.0,12.0,56.0,25.0,10.0,84.2,13.5,0.0,0.0,0.0
B,1803,97.6,95.2,82.0,62.0,32.0,77.0,43.0,18.0,48.7,68.4,0.0,0.0,0.0
B,10953,97.2,94.6,88.0,71.0,37.0,86.0,60.0,33.0,83.0,71.2,0.0,0.0,0.0
B,741,95.0,100.0,83.0,60.0,28.0,78.0,49.0,24.0,47.5,44.8,0.0,0.0,0.0
C,1159,94.4,91.1,63.0,36.0,14.0,61.0,26.0,10.0,42.3,33.3,0.0,0.0,0.0
A,205,96.3,100.0,80.0,58.0,19.0,77.0,42.0,10.0,54.5,50.0,0.0,0.0,0.0
B,453,95.3,96.4,74.0,50.0,22.0,74.0,36.0,17.0,44.4,25.0,0.0,0.0,0.0
C,1263,93.5,96.3,67.0,40.0,17.0,57.0,23.0,7.0,69.1,16.1,0.0,0.0,0.0
B,1262,94.1,97.3,75.0,54.0,25.0,73.0,39.0,17.0,54.2,43.6,0.0,0.0,0.0
B,369,94.1,94.4,82.0,47.0,20.0,76.0,34.0,13.0,33.3,0.0,0.0,0.0,0.0
B,212,94.4,91.7,85.0,56.0,27.0,87.0,47.0,17.0,60.0,0.0,0.0,0.0,0.0
A,2676,93.3,88.7,76.0,51.0,23.0,79.0,50.0,25.0,66.5,11.0,0.0,0.0,0.0
B,861,93.0,95.9,76.0,49.0,20.0,63.0,25.0,9.0,47.1,15.2,0.0,0.0,0.0
B,284,93.8,100.0,80.0,50.0,21.0,73.0,32.0,14.0,28.6,30.0,0.0,0.0,0.0
B,1036,95.0,98.7,87.0,66.0,30.0,84.0,50.0,25.0,47.4,45.9,0.0,0.0,0.0
B,1214,93.7,98.5,89.0,67.0,34.0,85.0,52.0,22.0,46.3,29.0,0.0,0.0,0.0
A,701,95.9,94.7,88.0,68.0,34.0,86.0,60.0,32.0,31.0,33.3,0.0,0.0,0.0
B,521,93.7,100.0,72.0,41.0,19.0,65.0,30.0,11.0,96.4,14.8,0.0,0.0,0.0
B,312,95.9,100.0,76.0,45.0,16.0,87.0,52.0,27.0,58.3,21.4,0.0,0.0,0.0
A,412,95.3,97.0,92.0,72.0,39.0,92.0,63.0,35.0,96.9,67.7,0.0,0.0,0.0
B,393,93.7,94.7,75.0,46.0,19.0,71.0,34.0,14.0,61.1,22.7,0.0,0.0,0.0
B,4103,88.7,88.3,63.0,38.0,15.0,52.0,21.0,7.0,79.1,14.7,0.0,0.0,0.0
B,212,95.5,100.0,81.0,56.0,20.0,69.0,34.0,17.0,100.0,36.4,0.0,0.0,0.0
B,9851,92.6,84.5,71.0,47.0,18.0,71.0,37.0,15.0,24.0,34.5,0.0,0.0,0.0
A,240,96.1,100.0,90.0,68.0,30.0,79.0,43.0,20.0,100.0,12.5,0.0,0.0,0.0
Not Rated,75,99.9,65.4,71.0,57.0,0.0,50.0,17.0,8.0,6.7,-1.0,0.0,0.0,0.0
A,2273,96.4,96.7,87.0,64.0,33.0,85.0,50.0,22.0,43.8,48.4,0.0,0.0,0.0
B,1173,94.4,97.4,73.0,47.0,18.0,74.0,42.0,18.0,73.1,14.3,0.0,0.0,0.0
B,511,96.4,100.0,83.0,61.0,30.0,85.0,52.0,25.0,87.5,46.4,0.0,0.0,0.0
A,2366,95.8,96.1,79.0,56.0,25.0,80.0,48.0,23.0,77.3,21.8,0.0,0.0,0.0
C,2628,93.9,92.9,70.0,43.0,17.0,63.0,31.0,12.0,27.7,41.5,0.0,0.0,0.0
B,427,94.5,100.0,76.0,43.0,20.0,69.0,37.0,12.0,64.0,50.0,0.0,0.0,0.0
B,825,89.4,78.6,59.0,33.0,11.0,48.0,18.0,6.0,30.9,11.8,0.0,0.0,0.0
C,13253,93.3,97.2,65.0,42.0,19.0,58.0,28.0,12.0,38.3,30.1,0.0,0.0,0.0
A,136,96.7,,98.0,84.0,62.0,98.0,91.0,62.0,,,0.0,0.0,0.0
Not Rated,29,100.0,20.5,9.0,0.0,0.0,0.0,0.0,0.0,-1.0,,0.0,0.0,0.0
B,432,96.8,,91.0,72.0,42.0,90.0,64.0,32.0,,,0.0,0.0,0.0
B,994,96.4,93.2,80.0,59.0,28.0,81.0,45.0,18.0,40.0,46.4,0.0,0.0,0.0
C,15260,95.3,87.6,72.0,48.0,22.0,55.0,24.0,10.0,36.0,25.7,0.0,0.0,0.0
Not Rated: Senate Bill 1365,1584,91.7,83.3,49.0,27.0,9.0,43.0,16.0,6.0,42.9,13.3,0.0,0.0,0.0
B,8367,95.5,92.7,70.0,45.0,19.0,70.0,33.0,12.0,92.3,18.4,0.0,0.0,0.0
B,2572,93.9,91.5,59.0,34.0,14.0,63.0,30.0,11.0,23.2,21.2,0.0,0.0,0.0
B,2039,93.0,96.2,72.0,45.0,19.0,74.0,38.0,16.0,76.5,15.8,0.0,0.0,0.0
Not Rated: Senate Bill 1365,147,93.2,90.0,59.0,22.0,8.0,44.0,21.0,6.0,10.0,-1.0,0.0,0.0,0.0
B,4866,94.0,94.3,70.0,47.0,22.0,74.0,44.0,21.0,34.6,41.5,0.0,0.0,0.0
A,519,97.1,100.0,86.0,65.0,33.0,90.0,63.0,35.0,100.0,11.1,0.0,0.0,0.0
A,182,92.3,87.3,35.0,14.0,0.0,74.0,31.0,10.0,11.0,0.0,0.0,0.0,0.0
A,19716,97.8,96.2,68.0,42.0,19.0,72.0,39.0,18.0,84.2,10.0,0.0,0.0,0.0
A,39243,97.5,97.2,79.0,55.0,25.0,79.0,48.0,23.0,44.2,28.7,0.0,0.0,0.0
B,264,94.9,94.4,72.0,46.0,20.0,67.0,33.0,10.0,52.9,33.3,0.0,0.0,0.0
B,1141,95.7,98.8,72.0,47.0,23.0,76.0,41.0,14.0,26.8,31.8,0.0,0.0,0.0
A,954,96.4,100.0,88.0,66.0,28.0,88.0,57.0,29.0,50.0,29.7,0.0,0.0,0.0
B,3404,93.2,96.9,69.0,43.0,20.0,73.0,44.0,20.0,25.1,40.0,0.0,0.0,0.0
Not Rated: Senate Bill 1365,1960,91.1,91.1,55.0,32.0,11.0,50.0,23.0,10.0,34.9,27.3,0.0,0.0,0.0
B,518,94.8,96.6,78.0,48.0,21.0,79.0,37.0,16.0,35.5,18.2,0.0,0.0,0.0
C,381,93.9,96.3,74.0,45.0,20.0,68.0,31.0,12.0,92.0,8.7,0.0,0.0,0.0
A,406,96.8,96.9,88.0,63.0,27.0,91.0,57.0,21.0,74.2,13.0,0.0,0.0,0.0
B,137,98.1,-1.0,72.0,51.0,20.0,73.0,36.0,19.0,-1.0,-1.0,0.0,0.0,0.0
A,159,96.6,100.0,85.0,64.0,24.0,93.0,66.0,28.0,100.0,36.4,0.0,0.0,0.0
B,3307,95.2,91.7,68.0,42.0,17.0,71.0,39.0,17.0,88.4,26.3,0.0,0.0,0.0
B,454,95.5,91.7,73.0,47.0,17.0,73.0,42.0,20.0,45.8,45.5,0.0,0.0,0.0
A,1921,96.5,97.8,86.0,63.0,29.0,84.0,58.0,27.0,42.4,33.9,0.0,0.0,0.0
B,13371,94.9,96.7,66.0,42.0,17.0,66.0,33.0,14.0,34.1,44.6,0.0,0.0,0.0
B,1121,95.9,98.6,79.0,53.0,23.0,76.0,36.0,15.0,35.6,38.5,0.0,0.0,0.0
B,105,94.6,100.0,86.0,55.0,28.0,80.0,41.0,15.0,100.0,9.1,0.0,0.0,0.0
Not Rated: Senate Bill 1365,1862,93.5,95.0,61.0,34.0,11.0,61.0,28.0,11.0,47.8,27.3,0.0,0.0,0.0
B,327,94.1,100.0,78.0,52.0,19.0,64.0,26.0,8.0,28.6,16.7,0.0,0.0,0.0
A,1428,87.9,97.5,73.0,46.0,19.0,62.0,25.0,10.0,94.8,5.5,0.0,0.0,0.0
A,1959,94.4,89.0,80.0,55.0,24.0,82.0,50.0,24.0,82.0,1.8,0.0,0.0,0.0
A,223,92.0,100.0,83.0,52.0,24.0,83.0,51.0,24.0,93.3,7.1,0.0,0.0,0.0
A,1683,98.3,98.5,94.0,79.0,50.0,91.0,66.0,39.0,100.0,70.6,0.0,0.0,0.0
B,369,95.2,,70.0,48.0,25.0,54.0,24.0,8.0,,,0.0,0.0,0.0
C,1114,95.8,96.6,67.0,40.0,16.0,67.0,30.0,14.0,53.8,18.4,0.0,0.0,0.0
B,12566,94.1,93.9,70.0,46.0,20.0,63.0,30.0,12.0,90.1,32.4,0.0,0.0,0.0
B,506,94.7,93.3,71.0,43.0,19.0,68.0,30.0,9.0,25.0,57.1,0.0,0.0,0.0
B,8932,97.0,94.0,76.0,53.0,24.0,69.0,35.0,13.0,23.7,55.9,0.0,0.0,0.0
C,2882,93.7,89.4,63.0,38.0,14.0,56.0,22.0,7.0,27.4,18.8,0.0,0.0,0.0
B,6824,97.2,93.7,83.0,63.0,32.0,79.0,48.0,21.0,77.7,44.2,0.0,0.0,0.0
B,45990,97.5,95.9,84.0,68.0,41.0,80.0,57.0,35.0,97.3,55.2,0.0,0.0,0.0
C,3014,96.4,91.2,59.0,36.0,14.0,51.0,19.0,5.0,80.9,25.9,0.0,0.0,0.0
A,786,95.3,98.3,89.0,68.0,33.0,89.0,60.0,30.0,98.3,45.8,0.0,0.0,0.0
B,41543,97.0,97.5,85.0,67.0,36.0,80.0,51.0,27.0,98.5,54.0,0.0,0.0,0.0
B,263,97.7,,81.0,52.0,30.0,75.0,46.0,20.0,,,0.0,0.0,0.0
B,4010,93.1,92.0,72.0,49.0,21.0,70.0,36.0,15.0,32.7,44.0,0.0,0.0,0.0
A,3356,95.7,97.8,85.0,63.0,32.0,85.0,54.0,26.0,96.3,36.4,0.0,0.0,0.0
A,909,97.3,91.3,93.0,76.0,41.0,92.0,70.0,37.0,67.5,37.0,0.0,0.0,0.0
B,813,95.9,100.0,81.0,59.0,28.0,80.0,43.0,19.0,51.0,16.0,0.0,0.0,0.0
B,1270,92.3,95.3,61.0,35.0,13.0,65.0,31.0,13.0,89.0,6.8,0.0,0.0,0.0
A,407,94.6,100.0,81.0,54.0,22.0,83.0,56.0,30.0,72.4,28.6,0.0,0.0,0.0
B,786,96.4,98.1,86.0,64.0,34.0,87.0,57.0,25.0,51.1,25.0,0.0,0.0,0.0
B,1228,93.8,95.8,74.0,49.0,19.0,70.0,35.0,13.0,57.0,24.6,0.0,0.0,0.0
C,2027,95.6,90.7,68.0,47.0,21.0,72.0,36.0,13.0,32.7,50.0,0.0,0.0,0.0
B,576,94.6,94.3,73.0,47.0,20.0,75.0,33.0,14.0,85.3,27.6,0.0,0.0,0.0
B,3600,95.2,96.5,77.0,54.0,24.0,72.0,36.0,14.0,89.8,30.3,0.0,0.0,0.0
A,1281,96.7,100.0,90.0,69.0,36.0,90.0,58.0,29.0,95.7,22.2,0.0,0.0,0.0
B,383,97.5,94.4,72.0,51.0,18.0,65.0,33.0,12.0,88.2,40.0,0.0,0.0,0.0
B,747,95.2,93.4,80.0,54.0,24.0,77.0,43.0,18.0,88.9,20.8,0.0,0.0,0.0
A,1631,95.5,95.8,82.0,56.0,25.0,84.0,50.0,21.0,38.5,26.7,0.0,0.0,0.0
A,1176,96.1,100.0,82.0,59.0,25.0,78.0,41.0,18.0,49.4,34.2,0.0,0.0,0.0
C,368,93.8,92.3,75.0,47.0,15.0,73.0,34.0,14.0,4.0,-1.0,0.0,0.0,0.0
B,857,95.8,96.9,84.0,54.0,21.0,75.0,33.0,13.0,44.3,33.3,0.0,0.0,0.0
B,1532,95.5,99.0,76.0,53.0,23.0,70.0,37.0,15.0,47.9,26.1,0.0,0.0,0.0
B,1596,95.6,96.9,74.0,49.0,21.0,71.0,39.0,17.0,81.7,24.3,0.0,0.0,0.0
B,410,94.1,100.0,69.0,43.0,17.0,73.0,35.0,16.0,87.1,18.5,0.0,0.0,0.0
A,2293,98.0,99.3,77.0,53.0,22.0,79.0,51.0,24.0,51.3,50.6,0.0,0.0,0.0
A,212,95.4,100.0,87.0,58.0,29.0,85.0,54.0,28.0,77.8,7.1,0.0,0.0,0.0
A,696,95.6,88.9,83.0,61.0,30.0,81.0,55.0,25.0,93.8,23.3,0.0,0.0,0.0
B,3284,92.1,93.3,59.0,34.0,13.0,59.0,30.0,14.0,74.1,8.3,0.0,0.0,0.0
B,1779,88.8,94.8,60.0,32.0,10.0,53.0,19.0,6.0,15.3,5.9,0.0,0.0,0.0
B,484,90.6,90.7,73.0,44.0,15.0,67.0,30.0,11.0,100.0,0.0,0.0,0.0,0.0
