DISTRICT NAME,TOTAL STUDENTS,SAT-AVERAGE SCORE (2021-2020),AVERAGE SALARY: TEACHER,Total OPERATING AND OTHER REVENUE PER PUPIL,Total OPERATING REVENUE (2020-21),TOTAL ACTUAL OPERATING EXPENDITURES (2020-21),TOTAL ACTUAL OPERATING EXPENDITURES PER PUPIL,TOTAL ACTUAL INSTRUCTIONAL EXPENDITURES,TOTAL ACTUAL INSTRUCTIONAL EXPENDITURES PER PUPIL
CAYUGA ISD,574,980,55570,19814,10525571,8878441,16595,4405076,8234
ELKHART ISD,1150,979,47916,13787,15623002,13694502,11412,8261144,6884
FRANKSTON ISD,808,980,50382,13845,9815575,9568092,12458,5184733,6751
NECHES ISD,342,1007,55346,14925,4573108,4709122,13932,2529704,7484
PALESTINE ISD,3360,1048,48825,17549,45806947,43017866,12660,23492731,6914
WESTWOOD ISD,1332,990,44741,13538,18204035,17289992,12788,8750034,6472
SLOCUM ISD,361,-1,53637,14588,5164875,4665786,12748,2880203,7869
ANDREWS ISD,4131,1041,62805,13569,44889510,47174612,11447,26750075,6491
PINEYWOODS COMMUNITY ACADEMY,995,1132,53037,11489,11036573,9891877,9932,5803726,5827
HUDSON ISD,2799,1109,54054,12268,32194381,28995467,10471,16963757,6126
LUFKIN ISD,7318,942,52619,14825,95191197,92600363,12520,51765304,6999
HUNTINGTON ISD,1612,1029,51033,12981,19541698,17543484,11174,9344402,5952
DIBOLL ISD,1744,957,54453,16346,22604825,22244301,13016,12305080,7200
ZAVALLA ISD,300,1028,57015,17601,4717700,4746755,15823,2752102,9174
CENTRAL ISD,1451,957,55145,12815,17719978,15359031,10636,8101586,5611
ARANSAS COUNTY ISD,3005,977,54977,13337,38429961,35981574,11958,19297890,6413
ARCHER CITY ISD,506,1056,55742,16510,7059532,6905033,13783,4087736,8159
HOLLIDAY ISD,1126,1125,56425,12906,12388827,10518615,9877,6477567,6082
WINDTHORST ISD,530,1031,53076,13389,5633549,5151685,11870,3014746,6946
CLAUDE ISD,307,,46591,13914,4232228,3922237,12452,2040243,6477
CHARLOTTE ISD,397,917,57893,19196,7132400,7042430,16808,3682513,8789
JOURDANTON ISD,1569,1006,59464,15108,20057316,17546942,11248,10140960,6501
LYTLE ISD,1740,1013,57421,12902,20841304,21392991,12183,12103399,6893
PLEASANTON ISD,3374,992,59862,15213,46926064,42593337,12414,24094826,7023
POTEET ISD,1676,867,51774,12784,18625232,17653216,11026,9770825,6103
BELLVILLE ISD,2191,1117,54109,13481,25799135,24369572,11158,13943980,6385
SEALY ISD,2814,1025,55027,12516,30655693,30000016,10703,16282010,5809
BRAZOS ISD,766,963,53874,15723,11322955,9849602,12405,5093142,6415
MULESHOE ISD,1347,895,48228,15147,19179772,19030298,14244,11016980,8246
MEDINA ISD,265,1041,46394,23733,5779760,5096844,18670,2732435,10009
BANDERA ISD,2301,1058,54438,11995,24432441,23235764,10485,12657666,5712
BASTROP ISD,11947,928,55921,12470,121266695,120831076,10650,73090356,6442
ELGIN ISD,4985,885,55622,14067,56420871,54414586,11791,28993787,6283
SMITHVILLE ISD,1780,995,52134,14639,22725386,21015106,12036,10856365,6218
MCDADE ISD,319,868,48329,14838,4763595,4244597,12785,2411650,7264
SEYMOUR ISD,618,-1,50186,14392,8427246,7554849,12264,4152604,6741
ST MARY'S ACADEMY CHARTER SCHOOL,401,,49990,13897,5433150,5233228,13384,2558403,6543
BEEVILLE ISD,2996,1011,54063,12060,36596267,34292103,10918,18257276,5813
PAWNEE ISD,498,,58281,23851,6745064,5697684,18088,2734803,8682
PETTUS ISD,377,-1,54543,20691,6108709,6003720,16139,3333308,8961
SKIDMORE-TYNAN ISD,785,1040,52851,16689,12200278,10104103,12567,5307109,6601
RICHARD MILBURN ALTER HIGH SCHOOL - KILLEEN,1590,-1,51242,9428,17499287,15183488,8181,7053916,3801
PRIORITY CHARTER SCHOOLS,836,-1,46333,12575,10508434,9350406,11052,4735670,5598
ORENDA CHARTER SCHOOL,1900,1103,53578,10828,20010043,15326275,8293,8383544,4537
ACADEMY ISD,1749,1043,51561,11840,18471582,16697912,9708,9744707,5666
BARTLETT ISD,394,913,52102,16606,6132531,5028450,13233,2618555,6891
BELTON ISD,13298,985,55968,12798,141917762,142961592,11368,77515363,6164
HOLLAND ISD,656,1034,52516,18652,11462359,9691921,14819,4975600,7608
KILLEEN ISD,43839,977,57315,12271,509570529,449899163,10271,263809826,6023
ROGERS ISD,893,1024,52342,13138,10764439,9674234,10858,5345980,6000
SALADO ISD,2233,1142,54213,12656,21026817,19801948,9425,11266365,5362
TEMPLE ISD,8395,921,55849,14320,104788890,94764360,11335,54149602,6477
TROY ISD,1636,998,53416,13348,17835545,16188626,10331,9179300,5858
POR VIDA ACADEMY,124,,52073,39319,5347318,5128909,37713,3111760,22881
GEORGE GERVIN ACADEMY,776,780,45481,14464,12583565,12293668,14131,5438960,6252
NEW FRONTIERS PUBLIC SCHOOLS INC,149,1006,54962,14547,7055533,5985561,12341,3182404,6562
LEGACY TRADITIONAL SCHOOLS - TEXAS,353,-1,45846,19158,6782038,6446730,18211,2491439,7038
SOUTHWEST PREPARATORY SCHOOL,794,962,50998,16324,13875022,13176320,15502,6610571,7777
INSPIRE ACADEMIES,636,945,60647,23245,13365826,9385262,16322,4575296,7957
BEXAR COUNTY ACADEMY,261,,37530,13931,3817189,3940749,14382,2211954,8073
POSITIVE SOLUTIONS CHARTER SCHOOL,93,,41240,14235,1693991,1585246,13321,900089,7564
HERITAGE ACADEMY,572,914,52159,14617,7789738,6395957,10366,3764894,6102
JUBILEE ACADEMIES,5764,826,50958,12526,77234031,64513201,10463,31655765,5134
LIGHTHOUSE PUBLIC SCHOOLS,408,,55196,12841,4147581,3280534,10156,1667939,5164
SCHOOL OF SCIENCE AND TECHNOLOGY,3972,1081,59578,10871,35592167,33987941,10381,21595155,6596
HARMONY PUBLIC SCHOOLS - SOUTH TEXAS,4459,1021,61773,12466,55261076,51201033,11550,29748646,6711
BROOKS ACADEMIES OF TEXAS,3141,925,57077,12179,35542005,34857601,11321,24004186,7796
SCHOOL OF SCIENCE AND TECHNOLOGY DISCOVERY,5288,960,59096,10572,50798204,46804083,9741,30041663,6252
HENRY FORD ACADEMY ALAMEDA SCHOOL FOR ART + DESIGN,93,964,50104,9855,1005238,1011651,9918,424327,4160
BASIS TEXAS,3421,1344,,10581,31616623,26965542,8847,12701337,4167
GREAT HEARTS TEXAS,8136,1176,45149,11088,73645220,64765768,9751,34379825,5176
ELEANOR KOLITZ HEBREW LANGUAGE ACADEMY,489,,45789,10143,4710760,3362128,7215,2081874,4468
COMPASS ROSE PUBLIC SCHOOLS,1836,,52529,14390,16606636,14796911,12822,5858827,5077
PROMESA ACADEMY CHARTER SCHOOL,262,,54211,15061,2952039,2581001,13168,1503856,7673
SAN ANTONIO PREPARATORY SCHOOLS,205,,58897,16312,3523306,3573520,16544,1921682,8897
THE GATHERING PLACE,465,,50688,15531,5353947,4513008,12968,2988402,8587
ROYAL PUBLIC SCHOOLS,111,,51076,,,,,,
PRELUDE PREPARATORY CHARTER SCHOOL,30,,54340,,,,,,
ALAMO HEIGHTS ISD,4788,1180,59250,14931,51851572,51280537,10626,30262612,6271
HARLANDALE ISD,12078,905,59926,16810,148661551,167260811,13369,96774774,7735
EDGEWOOD ISD,8383,905,58698,14966,126484234,115033242,12575,56067804,6129
RANDOLPH FIELD ISD,1458,1034,65049,15057,21697093,19053793,13223,10474577,7269
SAN ANTONIO ISD,44568,919,56808,15554,596699395,613121718,13393,322733212,7050
SOUTH SAN ANTONIO ISD,7919,891,58565,14402,94601623,98257324,11890,52790792,6388
SOMERSET ISD,3955,868,58175,13423,50769926,45615530,11350,23413841,5826
NORTH EAST ISD,59445,1072,61399,12444,615009180,623707419,10357,368147525,6113
EAST CENTRAL ISD,10002,1016,59900,11005,97046485,94873188,9719,55764931,5712
SOUTHWEST ISD,13165,858,59400,13721,164151451,161128739,11981,90518953,6731
LACKLAND ISD,910,1027,65227,24557,21789487,16422225,18493,9513656,10714
FT SAM HOUSTON ISD,1635,999,62283,20215,30271452,26593393,17741,14788481,9866
NORTHSIDE ISD,101584,1005,61396,11967,978493042,1025463998,9990,629148981,6129
JUDSON ISD,24517,917,56707,11831,238299255,228071519,9581,139685193,5868
SOUTHSIDE ISD,5516,868,63357,14893,75470008,70112088,12536,35843002,6409
JOHNSON CITY ISD,697,1043,54930,16768,8217131,8570086,14049,4757013,7798
BLANCO ISD,1058,975,53860,16666,14431782,12657647,12557,6591870,6540
BORDEN COUNTY ISD,245,1174,66515,47394,7560891,6052892,26203,2606092,11282
CLIFTON ISD,1024,999,53770,15835,12646488,11623993,12096,6823622,7101
MERIDIAN ISD,392,-1,52928,18825,7330440,7013528,16819,3860827,9259
MORGAN ISD,139,894,45660,17833,2399702,1998862,14698,1146142,8428
VALLEY MILLS ISD,618,951,51267,14077,7719571,7281379,11801,4215309,6832
WALNUT SPRINGS ISD,178,-1,51637,16424,2746471,2299048,13604,1323197,7830
IREDELL ISD,133,-1,51206,19405,2451523,2055219,14272,1217691,8456
KOPPERL ISD,179,948,52875,16090,2944487,2654177,14504,1217852,6655
CRANFILLS GAP ISD,132,890,49259,19058,2434764,2275305,17638,1174302,9103
DEKALB ISD,783,-1,51239,17756,11303569,9678600,12802,5373980,7108
HOOKS ISD,886,-1,50507,16023,12459008,11010874,13046,6157136,7295
MAUD ISD,474,,54422,14365,6794864,6137735,12840,3423491,7162
NEW BOSTON ISD,1196,-1,53992,17738,19694073,16024823,13650,10018178,8533
REDWATER ISD,1099,-1,53147,13026,13685079,12596739,11400,7665497,6937
TEXARKANA ISD,7126,1148,52270,12185,86926812,84721607,11069,50531399,6602
LIBERTY-EYLAU ISD,2131,-1,53381,19971,29066055,28330418,12415,16064298,7040
SIMMS ISD,473,,52695,17317,7584434,5939003,12322,3435246,7127
MALTA ISD,208,,48657,12026,2561074,1677003,7658,1124430,5134
RED LICK ISD,500,,52475,11699,5672871,5024664,9738,3133843,6073
PLEASANT GROVE ISD,2313,1087,49252,13386,23515184,23206641,10435,13338480,5998
HUBBARD ISD,69,,45552,21645,1663681,1149065,14923,738411,9590
LEARY ISD,105,,44425,18087,1862912,1188916,11543,738960,7174
ALVIN ISD,27955,1017,64483,14197,331435214,281707077,10511,172027356,6419
ANGLETON ISD,6748,990,61767,14767,83996013,77673668,11376,41921588,6140
DANBURY ISD,772,1044,63469,15818,10449829,9515058,12619,5296657,7025
BRAZOSPORT ISD,11451,994,60828,16310,143126025,139102380,12206,77326113,6785
SWEENY ISD,1851,968,62826,16462,24211163,23948702,12966,12975188,7025
COLUMBIA-BRAZORIA ISD,2911,983,58774,11714,30042276,30733461,10735,16904776,5905
PEARLAND ISD,20930,1150,63849,12423,205043257,209243979,9970,119629456,5700
DAMON ISD,116,,55780,27532,3138412,1915752,16659,993103,8636
BRAZOS SCHOOL FOR INQUIRY & CREATIVITY,330,,47336,15059,4473005,3926518,12008,2116179,6471
ARROW ACADEMY,609,,55813,14489,10012173,8911863,12897,4069056,5889
COLLEGE STATION ISD,14138,1163,53157,12399,139250581,142902179,10497,84323516,6194
BRYAN ISD,16005,959,52849,14613,185164571,188539536,11990,109281641,6950
TERLINGUA CSD,111,930,47311,23434,2289290,1840677,18782,952267,9717
ALPINE ISD,970,1047,48863,15828,13422326,13110511,13488,6620634,6811
MARATHON ISD,57,-1,49685,29382,1742340,1646411,27440,937017,15617
SAN VICENTE ISD,9,,58998,214078,1067388,892337,178467,274770,54954
SILVERTON ISD,187,-1,48289,25161,2858937,2766553,14794,1604451,8580
BROOKS COUNTY ISD,1340,-1,56095,19583,24878614,21392385,14908,11173212,7786
BANGS ISD,869,1048,46387,13199,10255655,9058616,10888,4938765,5936
BROWNWOOD ISD,3448,979,50258,12116,39268976,37791690,11002,22319616,6498
BLANKET ISD,147,919,44552,17919,2460132,2157333,15086,1107222,7743
MAY ISD,227,1011,48716,17757,3968726,3446695,13623,1875628,7414
ZEPHYR ISD,212,-1,47591,15823,2889644,2497642,12551,1337906,6723
BROOKESMITH ISD,191,,54585,18500,2831158,2667697,16884,1316764,8334
EARLY ISD,1136,1144,51581,14539,15040118,13984694,12343,8282716,7310
CALDWELL ISD,1833,1020,52894,15697,23513656,20346926,11976,11692320,6882
SOMERVILLE ISD,541,870,53895,17796,8095915,6877696,13329,3810329,7384
SNOOK ISD,529,895,53830,20558,7467840,7409668,15153,3465419,7087
BURNET CISD,3262,1012,54521,14488,38593389,36214961,11694,19792341,6391
MARBLE FALLS ISD,3995,901,53080,13899,46635331,47204503,11567,26006378,6373
LOCKHART ISD,6117,893,54420,12526,70332671,62483390,10369,37272469,6185
LULING ISD,1425,937,54024,12523,15805617,14400263,10227,7632861,5421
PRAIRIE LEA ISD,235,870,49201,14400,3132561,2831769,12813,1442685,6528
CALHOUN COUNTY ISD,3561,1058,55076,14538,43254650,42080450,11494,22485588,6142
CROSS PLAINS ISD,378,-1,51886,15363,5449840,4823640,13399,2825329,7848
CLYDE CISD,1431,1116,50825,12772,15889189,16069646,11536,9068758,6510
BAIRD ISD,293,,48473,19059,4854115,4297762,15404,2174632,7794
EULA ISD,462,-1,47473,15423,6421665,5738633,12640,3439151,7575
BROWNSVILLE ISD,38412,992,61814,13555,535407429,499120480,12252,277573985,6814
HARLINGEN CISD,17022,1015,57342,13001,219241115,211589621,11845,119150473,6670
LA FERIA ISD,2908,1078,55324,13397,38860793,37134999,12002,19814901,6404
LOS FRESNOS CISD,10333,1053,57506,13381,131221115,116710013,11092,67015989,6369
POINT ISABEL ISD,1968,864,55959,14455,28182347,24865264,12001,11939410,5762
RIO HONDO ISD,1602,905,53289,15288,22525701,20500673,11850,9349065,5404
SAN BENITO CISD,9201,837,58613,15637,143189241,119445472,12287,62667310,6447
SANTA MARIA ISD,543,,49268,19454,10931146,10450972,17360,5961241,9902
SANTA ROSA ISD,848,947,52221,19631,16293234,14132497,15131,7115559,7618
SOUTH TEXAS ISD,4251,1110,64976,17957,74883483,60893811,14519,31703383,7559
PITTSBURG ISD,2352,960,48767,12084,26381677,25879434,11041,14642454,6247
GROOM ISD,143,,49463,27397,2697223,2402450,17536,1305684,9531
PANHANDLE ISD,663,1023,50216,16097,8163622,8342648,12526,4627351,6948
WHITE DEER ISD,339,,51050,15625,4947977,4294909,11515,2270198,6086
ATLANTA ISD,1906,,48293,14613,25974800,22722723,12356,12130539,6596
AVINGER ISD,137,,50590,17820,2488025,1902428,13589,1095023,7822
HUGHES SPRINGS ISD,1146,,52749,12740,14216537,13560117,12096,8196761,7312
LINDEN-KILDARE CISD,638,,46141,14543,8923153,8597694,13734,4880683,7797
MCLEOD ISD,399,-1,52152,12477,4928273,4572929,11577,2816927,7131
QUEEN CITY ISD,933,-1,50513,20326,13361150,12399570,12930,6442746,6718
BLOOMBURG ISD,240,,50872,14265,3450505,3460803,13899,1952689,7842
DIMMITT ISD,1153,-1,47132,15129,15127988,16523542,13991,8975667,7600
HART ISD,209,,44880,18569,3738989,2931794,13829,1545800,7292
NAZARETH ISD,250,1058,53574,15382,3707802,2920231,11681,1540100,6160
ANAHUAC ISD,1389,993,58656,14977,17125936,16609873,12555,8940186,6758
BARBERS HILL ISD,6796,1054,75530,22371,105772748,111391197,17378,49659280,7747
EAST CHAMBERS ISD,1540,1037,57652,16142,19986753,18742456,12445,10264669,6816
ALTO ISD,556,934,54564,18466,9607158,8239828,13530,4835996,7941
JACKSONVILLE ISD,4735,-1,53508,14484,58224821,52758365,11331,30189388,6484
RUSK ISD,2001,1057,52204,12642,23823882,23583522,11977,13517857,6865
NEW SUMMERFIELD ISD,538,838,53152,17221,8534578,7671313,14502,4147032,7839
WELLS ISD,258,909,52027,16267,3999396,3696947,14057,2036086,7742
CHILDRESS ISD,1013,,48982,14566,14383701,12262146,12299,6448425,6468
HENRIETTA ISD,942,1012,50195,15073,12468878,12498716,13795,6648753,7339
PETROLIA CISD,461,-1,51851,15705,6481869,6100117,13708,3377908,7591
BELLEVUE ISD,151,952,51972,20822,2338590,2090449,14417,1272945,8779
MIDWAY ISD,131,-1,49536,24120,2565490,2401971,18197,1454137,11016
MORTON ISD,360,-1,56678,15777,5786616,5815645,15550,3301767,8828
WHITEFACE CISD,313,-1,53963,22534,5540123,5043948,14879,2605104,7685
BRONTE ISD,238,1111,48987,14601,3504133,3387245,14114,1845297,7689
ROBERT LEE ISD,262,-1,49084,18934,3640025,3747753,14697,1849952,7255
COLEMAN ISD,800,-1,49657,15411,12854962,11234470,13390,5518487,6577
SANTA ANNA ISD,253,894,50069,16857,4353226,3674473,13918,2097679,7946
PANTHER CREEK CISD,165,-1,53949,19380,2881372,2454440,15734,1420660,9107
IMAGINE INTERNATIONAL ACADEMY OF NORTH TEXAS,1386,1236,,9227,13231420,11176356,7794,6400538,4463
LONE STAR LANGUAGE ACADEMY,146,,52917,9467,1950102,1756192,8525,955442,4638
ALLEN ISD,21420,1178,61884,12828,211051998,210666806,9769,122875781,5698
ANNA ISD,4436,998,57264,13504,44895818,43477803,10971,26058771,6576
CELINA ISD,3351,1142,56843,14098,32386605,31978638,10818,17313596,5857
FARMERSVILLE ISD,2018,1078,63893,14382,22806985,21319172,11376,12416289,6626
FRISCO ISD,65617,1156,62711,12096,623237843,598930270,9454,376004240,5935
MCKINNEY ISD,23238,1068,63614,13875,249508023,251400936,10803,153341787,6589
MELISSA ISD,4859,1080,55753,12635,42368669,38786996,9504,24564676,6019
PLANO ISD,49241,1128,60687,13519,516624113,524368550,10500,336011186,6728
PRINCETON ISD,6765,1043,58939,12371,61296683,56428245,9721,33870859,5835
PROSPER ISD,21700,1137,61844,13303,198137631,187460357,9834,118772556,6231
WYLIE ISD,18155,1075,62353,12031,174305937,169041152,9704,102077199,5860
BLUE RIDGE ISD,958,976,57102,15968,12423433,10678668,12039,5598846,6312
COMMUNITY ISD,3335,909,57696,13216,30187080,28311095,10321,14372720,5240
LOVEJOY ISD,4335,1185,58349,13972,43678368,46886671,11185,25023008,5969
WELLINGTON ISD,542,,52321,14606,7906525,7289623,13449,3947581,7283
COLUMBUS ISD,1555,912,51633,12840,18052389,17325827,11414,9852292,6490
RICE CISD,1272,,54637,13966,15922647,15674640,12198,8652423,6733
WEIMAR ISD,684,1007,50616,15258,9102615,8465962,12769,4691576,7076
TRINITY CHARTER SCHOOL,347,,53900,21293,8487090,8112343,20281,4786177,11965
NEW BRAUNFELS ISD,9638,1095,56963,12259,90178612,81647828,8834,45537068,4927
COMAL ISD,27190,1038,56581,12295,242633607,244735106,9647,140315767,5531
COMANCHE ISD,1303,1068,48768,14399,18059092,14804766,11267,9033582,6875
DE LEON ISD,740,-1,50130,16693,11734285,9264411,12553,4994700,6768
GUSTINE ISD,145,-1,44636,33706,2838210,2763321,18422,1197791,7985
SIDNEY ISD,128,-1,46657,16793,2232465,1848873,13113,1012135,7178
EDEN CISD,222,,53642,24238,4450774,3135605,13516,1621984,6991
PAINT ROCK ISD,225,853,48784,20716,4308884,3757034,15920,1877549,7956
GAINESVILLE ISD,3138,983,52949,12719,37247704,31669691,10414,17365146,5710
MUENSTER ISD,523,1085,50573,15604,6289689,5890333,11482,3215301,6268
VALLEY VIEW ISD,941,1042,54216,17441,13898422,12355633,14056,6478477,7370
CALLISBURG ISD,1140,1026,53696,12761,13094188,12097453,10715,6491520,5750
ERA ISD,493,,55305,15723,6984135,5569792,11851,2864924,6096
LINDSAY ISD,482,1021,50879,12270,5937098,5587248,11496,2867918,5901
WALNUT BEND ISD,56,,52737,22566,1294925,1010082,17415,488691,8426
SIVELLS BEND ISD,63,,54078,28039,1336336,1064461,21724,519202,10596
EVANT ISD,213,-1,47151,14340,3882796,3531120,12935,1773418,6496
GATESVILLE ISD,2689,1003,51181,11806,30661252,28294593,10182,15660513,5635
OGLESBY ISD,198,934,49698,15069,2767681,2611858,14118,1361193,7358
JONESBORO ISD,338,,48754,14718,4501233,3572771,11415,1985731,6344
COPPERAS COVE ISD,8102,956,54312,12007,94736537,83179294,10338,47069734,5850
PADUCAH ISD,161,,52684,17142,3088113,2897336,15832,1565520,8555
CRANE ISD,1151,829,58449,14082,13863004,17035902,15530,9455874,8620
CROCKETT COUNTY CONSOLIDATED CSD,729,-1,49285,26161,13852757,10833927,14218,6092547,7995
CROSBYTON CISD,329,,49464,24135,6924159,5236246,16570,2850060,9019
LORENZO ISD,237,,47346,21417,4808889,4770713,20924,2340444,10265
RALLS ISD,484,-1,48024,15201,7017199,7027467,15211,3730793,8075
CULBERSON COUNTY-ALLAMOORE ISD,360,807,54825,65613,9985451,6648091,17179,3066642,7924
DALHART ISD,1717,-1,49983,11909,18289277,17285583,10618,9966020,6122
TEXLINE ISD,213,,50887,15969,3007187,2537427,12815,1415714,7150
PEGASUS SCHOOL OF LIBERAL ARTS AND SCIENCES,486,,61862,13736,6950630,6459415,12766,2810173,5554
UPLIFT EDUCATION,22183,1139,63523,11848,254959729,237905987,11055,130842204,6080
TEXANS CAN ACADEMIES,5037,826,59714,14095,65949992,57903164,12375,22336328,4774
LUMIN EDUCATION,250,,48713,15001,3803298,4176169,16313,1907921,7453
ADVANTAGE ACADEMY,1138,898,51836,13594,16368502,11537246,9559,4375024,3625
LIFE SCHOOL,5558,909,55547,12136,67319664,58864673,10612,30039402,5415
UNIVERSAL ACADEMY,2055,949,56701,10982,26323154,18768267,7830,10874204,4537
NOVA ACADEMY,124,,56566,9245,1127936,1426233,11690,806838,6613
ACADEMY OF DALLAS,245,,39472,12479,4255262,3799821,11143,2027103,5945
TRINITY BASIN PREPARATORY,4211,,54918,13076,54775369,41750500,9967,25288577,6037
ACADEMY FOR ACADEMIC EXCELLENCE,297,,62497,40328,8473791,8302154,26955,5762071,18708
A W BROWN LEADERSHIP ACADEMY,1067,,51912,11957,16408169,17351752,12546,7850334,5676
JEAN MASSIEU ACADEMY,202,-1,58148,12996,2534203,1950548,10003,1070217,5488
NOVA ACADEMY SOUTHEAST,535,,53705,10697,6557048,6153663,10039,2803419,4573
WINFREE ACADEMY CHARTER SCHOOLS,1068,923,52026,8923,11385155,10059376,7884,4795907,3759
A+ ACADEMY,1551,889,62481,11967,17412243,16761913,11520,8399603,5773
INSPIRED VISION ACADEMY,1271,902,60129,11939,15401720,14783519,11460,7519576,5829
GATEWAY CHARTER ACADEMY,654,,45990,11946,9354044,7303480,9328,2606207,3328
EDUCATION CENTER INTERNATIONAL ACADEMY,501,,51621,13483,7321427,6006189,11061,3250783,5987
EVOLUTION ACADEMY CHARTER SCHOOL,669,1010,58756,12607,8383662,6104867,9180,3223392,4847
GOLDEN RULE CHARTER SCHOOL,1557,,49485,12415,19292224,16731628,10767,9221055,5934
ST ANTHONY SCHOOL,316,,57023,11102,3581767,3828785,11709,1856630,5678
LA ACADEMIA DE ESTRELLAS,985,,65930,12081,12286807,10574091,10397,6556800,6447
RICHLAND COLLEGIATE HIGH SCHOOL,336,1110,,9623,4792144,4015271,8063,2017950,4052
CITYSCAPE SCHOOLS,1256,,59067,13548,16269783,14087468,11701,7590621,6305
MANARA ACADEMY,541,1024,53624,11099,7313954,6235047,9461,3450147,5235
UME PREPARATORY ACADEMY,1365,1053,40595,10295,13074631,10208441,8038,5560238,4378
LEGACY PREPARATORY,1464,824,52684,12699,19212916,15680484,10364,9457543,6251
VILLAGE TECH SCHOOLS,1232,974,52327,10000,12030130,10098709,8395,5219262,4339
INTERNATIONAL LEADERSHIP OF TEXAS (ILTEXAS),20535,968,51138,11470,239112720,187069922,8971,99710024,4782
PIONEER TECHNOLOGY & ARTS ACADEMY,2226,990,47427,11997,20503410,20655566,12086,9047680,5294
BRIDGEWAY PREPARATORY ACADEMY,96,,50033,12820,1294774,1211775,11998,483486,4787
CARROLLTON-FARMERS BRANCH ISD,24888,972,61432,14322,304242050,292734570,11802,170225307,6863
CEDAR HILL ISD,7112,888,57989,12232,74309701,74794476,10316,42402618,5849
DALLAS ISD,143430,911,64020,15120,1825032689,1805553229,12443,959633376,6613
DESOTO ISD,7339,887,56955,14485,97323562,86123431,10866,42989103,5424
DUNCANVILLE ISD,11944,927,57901,13146,132210456,135969395,11580,69432843,5913
GARLAND ISD,52960,957,60720,11655,557255726,580356202,10780,332277827,6172
GRAND PRAIRIE ISD,27284,918,61645,13372,327157457,291719277,10365,166926612,5931
HIGHLAND PARK ISD,6666,1307,55481,15716,71371199,73193461,11093,42608570,6458
IRVING ISD,32339,900,64815,12745,374179017,380632488,11654,220504222,6752
LANCASTER ISD,6978,936,60345,13738,81507010,71366839,9947,39118749,5452
MESQUITE ISD,38311,922,62655,12271,398229893,351066523,9129,212781409,5533
RICHARDSON ISD,37358,1167,58618,13347,412027687,417852164,11084,250691126,6650
SUNNYVALE ISD,2104,1098,61185,13601,20862744,22072645,10927,13775625,6820
COPPELL ISD,13107,1259,62797,12477,126508554,127224935,9765,76914157,5903
DAWSON ISD,149,962,47384,16822,2480748,2237055,14815,1031500,6831
KLONDIKE ISD,259,,55210,31361,6797562,4681601,17733,2249372,8520
LAMESA ISD,1602,-1,49414,18810,28415354,22351696,12988,11612439,6747
SANDS CISD,246,982,55467,44161,8975189,3774753,14407,1759547,6716
HEREFORD ISD,3953,1063,52178,12114,44738433,41328580,10712,22375303,5800
WALCOTT ISD,152,,54245,17222,2278402,1979284,13939,1217087,8571
COOPER ISD,847,,50521,15197,11506078,9560134,11861,5267842,6536
FANNINDEL ISD,148,804,48711,19631,2979594,2709959,17044,1314399,8267
NORTH TEXAS COLLEGIATE ACADEMY,695,,53901,11969,7576086,5416324,8557,3252823,5139
LEADERSHIP PREP SCHOOL,1344,1160,56475,9094,12249775,9544800,7086,5388435,4000
TRIVIUM ACADEMY,553,,56535,9643,5766545,5770011,9649,3745274,6263
DENTON ISD,31771,987,61517,15804,330517992,342965709,11361,209081351,6926
LEWISVILLE ISD,49113,1131,61176,13689,504744456,534506497,10852,327079013,6641
PILOT POINT ISD,1430,1008,52366,13499,16441344,16158518,11899,8383536,6173
KRUM ISD,2217,1005,53520,12186,22510666,22641089,10807,12252812,5849
PONDER ISD,1574,1157,55404,13029,16879860,16214265,10249,8658837,5473
AUBREY ISD,3101,1048,56423,13215,28199608,26880139,10182,15460677,5856
SANGER ISD,2746,1115,57528,15478,36738015,35203807,13709,19404990,7556
ARGYLE ISD,4314,1157,62299,15358,39444925,37632866,10033,21879406,5833
NORTHWEST ISD,27479,1051,61396,13388,244585680,251484436,9954,144709641,5728
LAKE DALLAS ISD,3999,1073,60383,13743,41839077,42772406,11075,24678411,6390
LITTLE ELM ISD,8245,938,60324,14247,87542297,85942723,10623,49070770,6066
CUERO ISD,1920,990,52966,16934,25929715,24975148,13117,13427570,7052
NORDHEIM ISD,148,,53691,19112,2718454,2213627,15372,1270663,8824
YOAKUM ISD,1496,1026,49073,21644,24979719,23384617,15726,12443231,8368
YORKTOWN ISD,535,882,56171,16368,8133274,6561679,12594,3686681,7076
WESTHOFF ISD,71,,71141,25550,1587121,1652707,25041,869607,13176
MEYERSVILLE ISD,144,,55549,13158,2157745,1756710,10583,1098046,6615
SPUR ISD,221,-1,46821,16427,3337051,3503516,14659,1777857,7439
PATTON SPRINGS ISD,86,,54915,29806,2492998,2336823,25965,1046609,11629
CARRIZO SPRINGS CISD,1920,992,60474,14166,26141480,27558372,13352,13833268,6702
CLARENDON ISD,456,-1,49174,14665,6341487,6206683,14074,3373951,7651
HEDLEY ISD,124,,50423,21026,2349440,2088561,18483,1204093,10656
RAMIREZ CSD,26,,55047,22447,963674,769240,17483,299113,6798
BENAVIDES ISD,233,,54778,26152,5904966,6127076,24028,2521808,9889
SAN DIEGO ISD,1453,876,55433,14253,18764791,17370338,11705,8827593,5949
FREER ISD,760,1040,51804,23054,15506280,13289626,17016,7081853,9068
CISCO ISD,812,-1,50818,14508,12093376,10873511,12991,6381884,7625
EASTLAND ISD,1078,1029,52611,13680,13723448,11019153,10337,6873897,6448
GORMAN ISD,265,,48293,22597,5840202,5763172,20881,2914534,10560
RANGER ISD,333,-1,45483,15618,5419204,4748278,13605,2858825,8191
RISING STAR ISD,191,,47546,14567,2702181,2266693,12187,1223650,6579
COMPASS ACADEMY CHARTER SCHOOL,1371,,54265,9308,12305728,9406833,7116,6983201,5282
UTPB STEM ACADEMY,763,987,54879,9587,7592657,5825609,7356,4192696,5294
ECTOR COUNTY ISD,31762,924,61203,12896,392643356,349582945,11002,183624979,5779
ROCKSPRINGS ISD,257,818,48914,22479,5613730,4361843,16155,2185682,8095
NUECES CANYON CISD,254,-1,53180,16804,4335550,3906547,15142,2114567,8196
WAXAHACHIE FAITH FAMILY ACADEMY,2582,794,66371,13572,36387219,33320593,12428,19205545,7164
AVALON ISD,339,1004,51028,14726,4801554,4092322,12326,2364677,7123
ENNIS ISD,5999,1012,58744,12925,63692088,61380476,10554,35689580,6136
FERRIS ISD,2625,942,56223,13422,30520547,32801593,12699,19164995,7420
ITALY ISD,647,997,53445,17714,10128429,9274403,14935,4944984,7963
MIDLOTHIAN ISD,10391,1017,59438,13704,105969875,96314049,9818,54944642,5601
MILFORD ISD,238,-1,54234,15212,3676504,3477617,14194,1951545,7965
PALMER ISD,1252,1039,55928,13910,15955670,14047536,11301,7559646,6082
RED OAK ISD,6287,941,61005,12147,64181373,62538525,10446,32139331,5368
WAXAHACHIE ISD,10065,1039,61441,13161,102410900,108567224,11230,63090412,6526
MAYPEARL ISD,1176,1060,53305,12828,12978757,11527311,9937,6322670,5451
BURNHAM WOOD CHARTER SCHOOL DISTRICT,1376,956,58526,11453,14338594,13060902,10432,6742245,5385
TRIUMPH PUBLIC HIGH SCHOOLS-EL PASO,198,932,41567,14469,2517543,2297099,13202,1035533,5951
EL PASO ACADEMY,272,,50294,9963,3208182,2564078,7963,1366074,4242
HARMONY PUBLIC SCHOOLS - WEST TEXAS,4569,1096,60787,11778,48791707,46036980,11117,26048869,6290
LA FE PREPARATORY SCHOOL,190,,49296,14767,2657990,2532242,14068,1453444,8075
VISTA DEL FUTURO CHARTER SCHOOL,340,,54712,12240,3047698,3248790,13047,1436916,5771
EL PASO LEADERSHIP ACADEMY,266,,50468,20033,4206999,3045093,14500,1355017,6452
CLINT ISD,10455,897,58610,14752,145042692,125032572,11768,68180994,6417
EL PASO ISD,50709,942,56306,13798,607219620,598491653,11842,346122350,6848
FABENS ISD,1983,872,57466,15336,29190277,24713728,12085,14888372,7280
SAN ELIZARIO ISD,3190,931,57074,14579,42416777,39285808,12319,21130444,6626
YSLETA ISD,37211,912,59446,13015,457387152,458483212,11954,277427791,7233
ANTHONY ISD,798,-1,57909,13838,10333783,10936844,13915,5661728,7203
CANUTILLO ISD,6076,904,58568,17214,71277128,78774008,13079,43654405,7248
TORNILLO ISD,887,864,57988,16353,13673027,13499103,14785,6363487,6970
SOCORRO ISD,47137,917,58852,11841,483698575,489074522,10421,304609641,6490
PREMIER HIGH SCHOOLS,6822,929,44144,10538,66671657,52210140,8252,29048208,4591
ERATH EXCELS ACADEMY INC,94,,45185,11628,1416107,1296203,10538,662634,5387
THREE WAY ISD,236,-1,50110,13382,2845271,2554368,11881,1401760,6520
DUBLIN ISD,1087,985,45571,14767,14988069,14060853,12900,7040260,6459
STEPHENVILLE ISD,3688,1059,52922,12951,40909681,35550131,9753,20063350,5504
BLUFF DALE ISD,227,-1,48321,15305,3030233,2486398,11302,1322247,6010
HUCKABAY ISD,304,1092,49640,14589,3245494,3141004,11138,1830373,6491
LINGLEVILLE ISD,284,-1,49547,15385,3775506,3829335,13775,2068917,7442
MORGAN MILL ISD,118,,52305,12607,1621872,1489837,11549,836254,6483
CHILTON ISD,546,878,48360,16540,7976443,7090612,13404,3771192,7129
MARLIN ISD,882,932,59240,19249,16778551,15865652,18091,7723095,8806
WESTPHALIA ISD,155,,54035,14312,2270607,1885934,11861,1065614,6702
ROSEBUD-LOTT ISD,716,979,53595,14476,9212421,8477335,12376,4189957,6117
BONHAM ISD,1885,1016,49524,16998,25180624,22193682,12385,12383997,6911
DODD CITY ISD,328,-1,55295,13869,4340224,3929709,11696,2298822,6842
ECTOR ISD,234,981,51449,17199,4234072,3536895,13816,1970050,7696
HONEY GROVE ISD,640,-1,51067,16344,9071499,7410552,11914,3763229,6050
LEONARD ISD,825,902,54689,13038,10796206,10563160,12727,5710388,6880
SAVOY ISD,303,1013,49432,16231,4679850,3980484,13137,2139498,7061
TRENTON ISD,725,1102,52281,13942,9503768,7280532,10070,3820483,5284
SAM RAYBURN ISD,517,-1,51991,13476,6736326,6461478,12378,4002013,7667
FLATONIA ISD,629,1054,53971,16194,8838334,7641557,12736,4110323,6851
LA GRANGE ISD,1868,1030,51240,14169,23659590,21762977,11638,11802595,6312
SCHULENBURG ISD,696,1112,55741,16100,10017032,9406160,13593,5696004,8231
FAYETTEVILLE ISD,279,,46473,16717,3764057,3053649,11145,1696176,6190
ROUND TOP-CARMINE ISD,240,1102,47936,16385,3555298,3174489,13508,1663591,7079
ROBY CISD,329,1003,52042,20873,6495280,3735702,11935,2146810,6859
ROTAN ISD,242,,51109,17905,3914695,4048740,17012,1990475,8363
FLOYDADA COLLEGIATE ISD,686,,46481,22576,11437145,10910330,15498,5169788,7343
LOCKNEY ISD,430,885,53245,18019,7547988,6637391,14620,3462132,7626
CROWELL ISD,192,894,47944,40093,8081586,3535152,17501,1739431,8611
LAMAR CISD,38877,996,65178,11952,368291151,379061199,10408,239617629,6579
NEEDVILLE ISD,3378,1001,64607,12774,37264922,34316836,10396,19575927,5930
FORT BEND ISD,76543,1098,65212,11697,763625793,825613856,10797,472227182,6175
STAFFORD MSD,3511,886,63383,14218,39986176,42739387,12889,23653922,7133
MOUNT VERNON ISD,1523,-1,53688,13695,17511988,16155345,10953,9223902,6253
FAIRFIELD ISD,1681,1078,53886,14225,22041531,21555986,12680,11725408,6897
TEAGUE ISD,1181,-1,53708,14813,14654489,13883916,11969,6945013,5987
WORTHAM ISD,520,-1,50419,14123,6483191,5122415,10348,2972205,6004
DEW ISD,133,,56157,20291,3169298,2546371,15527,1421829,8670
DILLEY ISD,907,956,52621,21312,13410688,12872973,14399,6572618,7352
PEARSALL ISD,2031,913,53630,20162,32069859,26019969,12920,14476978,7188
SEAGRAVES ISD,516,928,57749,18282,8201409,8830786,17521,4786873,9498
LOOP ISD,150,,49747,24569,3039394,2760191,19168,1405501,9760
SEMINOLE ISD,2957,1006,59578,18757,45285914,40871333,13964,22811605,7794
ODYSSEY ACADEMY INC,1492,960,56969,12790,17744939,15958634,11424,8122669,5814
AMBASSADORS PREPARATORY ACADEMY,189,,46028,12801,3149086,3478860,14142,2526559,10271
DICKINSON ISD,11901,972,62061,12747,123703622,129397161,11159,77717567,6702
GALVESTON ISD,6650,1083,57178,14964,91958879,88581908,13239,47293002,7068
HIGH ISLAND ISD,158,991,50934,19015,2989164,2928971,17229,1405949,8270
TEXAS CITY ISD,7756,934,60095,18671,124832436,106285727,13297,56590482,7080
HITCHCOCK ISD,1715,875,60647,17482,26794427,24738820,15048,11598914,7055
SANTA FE ISD,4325,996,61231,15452,55824336,49455764,11507,24100000,5607
CLEAR CREEK ISD,40235,1056,64477,11944,382364074,406821047,10039,251559188,6207
FRIENDSWOOD ISD,6155,1155,62354,11908,60787022,60352282,9900,34691220,5691
POST ISD,784,-1,50304,17336,10957161,10356709,12995,5437460,6822
SOUTHLAND ISD,114,810,42440,33484,3824320,2098106,17933,944497,8073
DOSS CONSOLIDATED CSD,24,,52585,48095,865714,619686,34427,291965,16220
FREDERICKSBURG ISD,3100,1041,53187,14176,39031892,34638804,11232,19057908,6180
HARPER ISD,559,1001,53901,12783,7033981,6862867,12410,3482200,6297
GLASSCOCK COUNTY ISD,293,969,57661,60239,9161215,7123773,24396,3505770,12006
GOLIAD ISD,1283,1032,52436,13178,14905654,16423831,13129,7931073,6340
GONZALES ISD,2613,979,51631,13269,33515276,29394197,11080,15693599,5915
NIXON-SMILEY CISD,1064,945,56281,16429,14848433,15559212,15329,9134332,8999
WAELDER ISD,304,845,50039,15775,4453278,4401330,14869,2376385,8028
LEFORS ISD,176,,48686,16984,2419528,2447664,14657,1326693,7944
MCLEAN ISD,185,-1,51081,18950,2755848,2888576,14443,1649337,8247
PAMPA ISD,3451,1047,51033,11633,37009417,33222391,9511,18741604,5365
GRANDVIEW-HOPKINS ISD,46,,57465,35148,1015633,1180177,31057,643634,16938
BELLS ISD,884,1094,54823,14725,11261252,9517259,11003,5291934,6118
COLLINSVILLE ISD,556,-1,55671,16851,8122146,6793543,12604,3570322,6624
DENISON ISD,4674,1156,55339,13311,53439383,53835391,11749,31025181,6771
HOWE ISD,1248,1031,57036,13582,14979046,13812899,11304,8106288,6634
SHERMAN ISD,7698,959,56957,14258,87637454,83550378,11180,48630492,6507
TIOGA ISD,706,1024,55317,16314,9835746,8465795,11502,4900418,6658
VAN ALSTYNE ISD,2046,1154,52626,12886,19365258,17123041,9211,9601516,5165
WHITESBORO ISD,1717,1174,52911,12849,18576327,17280512,10855,9553180,6001
WHITEWRIGHT ISD,755,987,54139,15841,11097323,8852421,11914,4913006,6612
POTTSBORO ISD,1430,1054,56362,15832,15352899,14935245,10653,8639694,6162
S AND S CISD,991,1041,54780,14777,13045395,11508637,11696,6707493,6817
GUNTER ISD,1113,1059,57362,19695,18040377,19563598,19218,11437782,11236
TOM BEAN ISD,657,1000,52858,14716,8939438,7760249,11776,4188517,6356
EAST TEXAS CHARTER SCHOOLS,141,-1,66825,10700,1476599,1596195,11567,984174,7132
GLADEWATER ISD,1703,984,52296,12631,19845980,19626541,11202,10476769,5980
KILGORE ISD,3887,958,50783,12104,42131415,37764948,9573,20912523,5301
LONGVIEW ISD,8223,1046,55556,17625,118245377,104709784,12724,59807145,7268
PINE TREE ISD,4677,908,49863,12430,50711438,48998904,10805,25979240,5729
SABINE ISD,1531,1057,51097,12721,18042795,16311258,10745,9193796,6057
SPRING HILL ISD,2028,1194,50202,12632,21500556,19484742,9762,11360378,5692
WHITE OAK ISD,1458,-1,50799,13137,16378409,15493879,10634,8795309,6037
ANDERSON-SHIRO CISD,886,1004,54045,14430,10681086,10071017,11380,5445779,6153
IOLA ISD,539,1063,48828,14823,7062986,5874683,11043,3350148,6297
NAVASOTA ISD,2953,897,49308,14872,35593317,34981112,12422,19145611,6799
RICHARDS ISD,213,-1,49464,14912,2639050,2209057,12138,1348163,7407
SEGUIN ISD,7039,1038,56607,13221,76047076,76704466,11134,42192989,6125
SCHERTZ-CIBOLO-U CITY ISD,15875,1020,60368,10815,139994264,140157695,8960,85320421,5454
NAVARRO ISD,1971,1093,55904,12488,19809193,19950764,10855,11141402,6062
MARION ISD,1471,970,53222,13854,17671557,17608487,11890,9616619,6493
ABERNATHY ISD,820,1114,51462,16199,10594449,9765151,12116,5550711,6887
COTTON CENTER ISD,99,,49375,18346,1707963,2215800,23081,1169926,12187
HALE CENTER ISD,597,988,50539,15541,8868129,7816743,12648,4142882,6704
PETERSBURG ISD,274,,51197,28641,4703443,4288448,14995,2408878,8423
PLAINVIEW ISD,4710,-1,50263,12960,58874113,56910609,11802,31108494,6451
MEMPHIS ISD,431,,50277,21028,8991237,7086866,16367,3750624,8662
TURKEY-QUITAQUE ISD,193,-1,48623,16638,3066455,2689633,13793,1443640,7403
HAMILTON ISD,832,1031,54404,13647,10708272,10161766,12879,6349338,8047
HICO ISD,603,-1,51293,15493,8286743,8017002,14114,4582787,8068
GRUVER ISD,418,-1,50001,17001,6180563,6162195,14037,3723749,8482
PRINGLE-MORSE CISD,128,,53516,21442,2139397,2117378,18905,1088570,9719
SPEARMAN ISD,783,,51369,30644,10912859,10726216,13259,6051090,7480
CHILLICOTHE ISD,199,,49720,27835,4491920,3128331,15113,1567171,7571
QUANAH ISD,497,-1,48729,19073,10070679,9343836,17697,5302423,10042
KOUNTZE ISD,1125,915,52085,15742,15579977,13001468,12016,7335140,6779
SILSBEE ISD,2708,988,51293,14420,35708372,33129414,12135,16736370,6131
HARDIN-JEFFERSON ISD,2602,1119,51179,11022,23895537,22885011,9246,12479646,5042
LUMBERTON ISD,4188,1031,50231,10664,41904612,36203571,8768,22094573,5351
WEST HARDIN COUNTY CISD,568,,51588,15016,7691843,6653940,12437,3353720,6269
SER-NINOS CHARTER SCHOOL,1009,,63223,14543,15924629,11175637,10206,6793160,6204
ARISTOI CLASSICAL ACADEMY,1219,1122,51548,11890,12715273,10534096,9827,5788262,5399
GEORGE I SANCHEZ CHARTER,947,914,56375,12919,12828895,12477948,12566,5858703,5900
RAUL YZAGUIRRE SCHOOLS FOR SUCCESS,1563,899,53644,15177,20185954,19632203,14761,8860948,6662
ACADEMY OF ACCELERATED LEARNING INC,4,,53779,11483,9771716,8263098,9710,3980290,4677
EXCEL ACADEMY,217,,50843,20242,4169826,4127826,20038,3191841,15494
THE VARNETT PUBLIC SCHOOL,1137,,58574,12269,16355176,16880550,12664,7927927,5947
ALIEF MONTESSORI COMMUNITY SCHOOL,349,,55187,10890,3604614,2235918,6755,1375323,4155
AMIGOS POR VIDA-FRIENDS FOR LIFE PUB CHTR SCH,560,,57106,13302,6677830,5479550,10915,3241187,6457
HOUSTON HEIGHTS HIGH SCHOOL,175,819,49163,12748,2269151,2166702,12172,1308308,7350
HOUSTON GATEWAY ACADEMY INC,2082,1043,49077,15109,32639641,15735325,7044,9904850,4434
CALVIN NELMS CHARTER SCHOOLS,304,934,64751,11994,3598185,2725104,9084,1534510,5115
SOUTHWEST SCHOOL,1526,901,59912,15057,25611824,23134855,13601,13209050,7765
TWO DIMENSIONS PREPARATORY ACADEMY,439,,59549,11871,5152096,4910395,11160,2431914,5527
COMQUEST ACADEMY,44,-1,50899,21716,825218,736865,19391,243908,6419
YES PREP PUBLIC SCHOOLS INC,14557,998,59953,13746,184953654,158762574,11800,70751358,5258
HARMONY PUBLIC SCHOOLS - HOUSTON SOUTH,3564,990,62333,12891,47167126,40662194,11113,23500381,6423
BEATRICE MAYES INSTITUTE CHARTER SCHOOL,462,,52420,12635,5938354,4747172,10100,2796214,5949
ACCELERATED INTERMEDIATE ACADEMY,214,,57717,12115,2847098,1851171,7877,1241487,5283
PROMISE COMMUNITY SCHOOL,1722,,58463,10760,16743111,16905392,10865,10383003,6673
MEYERPARK ELEMENTARY,272,,49717,12879,3348564,2594014,9977,1373427,5282
DRAW ACADEMY,692,,70626,12837,9075742,7831003,11076,4797631,6786
HARMONY PUBLIC SCHOOLS - HOUSTON NORTH,5894,1066,62403,11523,69003554,60742363,10146,35461823,5923
STEP CHARTER SCHOOL,558,,63664,15433,7670054,7013843,14112,3697907,7440
THE RHODES SCHOOL FOR PERFORMING ARTS,607,,51835,16779,12047138,10429684,14526,4188441,5833
HARMONY PUBLIC SCHOOLS - HOUSTON WEST,4086,1134,62202,11383,45350243,39841381,10000,24187001,6071
THE LAWSON ACADEMY,169,,57115,16509,3004562,2229449,12250,1184140,6506
THE PRO-VISION ACADEMY,397,-1,56116,14541,6281727,5447215,12609,2376258,5501
BETA ACADEMY,1298,,55224,12586,15008458,11097276,9209,5428687,4505
A+ UNLIMITED POTENTIAL,145,,64047,15793,2400476,2006292,13199,824181,5422
ETOILE ACADEMY CHARTER SCHOOL,341,,56128,15222,3287898,2828813,13096,1216202,5631
YELLOWSTONE COLLEGE PREPARATORY,157,,56775,15575,3582175,3274104,14235,1509786,6564
LEGACY SCHOOL OF SPORT SCIENCES,369,970,52891,9795,3839649,4440635,11328,1822435,4649
BLOOM ACADEMY CHARTER SCHOOL,193,,55366,19599,1794725,1424606,15318,662936,7128
REVE PREPARATORY CHARTER SCHOOL,165,,50750,17079,2039687,1697655,14147,689749,5748
ELEVATE COLLEGIATE CHARTER SCHOOL,55,,45000,,,,,,
HOUSTON CLASSICAL CHARTER SCHOOL,131,,59006,38971,2105728,1337340,24315,416779,7578
ALDINE ISD,61528,867,61867,13847,798808327,757194251,11991,470654290,7453
ALIEF ISD,40642,914,64889,13001,507070687,509389133,12211,318558090,7637
CHANNELVIEW ISD,9503,889,64895,13833,114992330,110788390,11583,69628369,7279
CROSBY ISD,6465,918,64646,12689,68833598,62293487,9858,38268615,6056
CYPRESS-FAIRBANKS ISD,116913,1127,64910,11877,1122119576,1173665698,10245,751772967,6562
DEER PARK ISD,12327,1085,65605,14418,147117917,153727069,12511,91006606,7407
GALENA PARK ISD,21400,1022,62966,14438,282872970,274808454,12551,152687078,6973
GOOSE CREEK CISD,23833,1020,63456,14213,283708389,281662853,12111,164608179,7078
HOUSTON ISD,193727,967,59161,13325,2213460261,2068485856,10524,1177202440,5989
HUMBLE ISD,47477,1000,63749,12903,511723495,453748758,9987,271110226,5967
KATY ISD,88165,1091,62499,12545,878899212,885492771,10542,557899178,6642
KLEIN ISD,53059,989,62222,11534,518063895,525991153,9975,316193065,5996
LA PORTE ISD,6925,935,66635,16406,86618337,83846738,12012,46674016,6687
PASADENA ISD,49255,923,61600,12932,598379504,606994531,12009,361087907,7144
SPRING ISD,33406,864,62986,12762,358018835,394257855,11756,224211859,6686
SPRING BRANCH ISD,33474,1040,64985,14433,371440200,401402680,12078,233282842,7020
TOMBALL ISD,20184,1073,61811,11726,175231047,174295706,9368,107905361,5799
SHELDON ISD,10565,863,63352,15542,123005219,118552595,11624,72694542,7128
HUFFMAN ISD,3565,1015,59366,13536,41479231,37212285,10836,19799379,5766
KARNACK ISD,134,,48935,19690,2774331,2348355,16422,1047165,7323
MARSHALL ISD,5059,-1,52459,12295,54442321,52673126,10420,29082463,5753
WASKOM ISD,845,,49579,15832,11481179,10713398,13002,6052925,7346
HALLSVILLE ISD,19079,1065,48957,10264,146655356,138885360,9105,117226531,7685
HARLETON ISD,711,-1,52430,13869,9714826,8686751,12166,4622394,6474
ELYSIAN FIELDS ISD,829,-1,50944,18365,13114622,10192680,12062,5395505,6385
CHANNING ISD,163,-1,48483,17607,2630456,2314844,13779,1216238,7240
HARTLEY ISD,232,,47884,16560,3368998,3011271,12814,1641367,6985
HASKELL CISD,537,-1,52835,21078,9453553,8838341,16099,4859591,8852
RULE ISD,143,,45659,17844,2491439,2366220,16782,1175458,8337
PAINT CREEK ISD,95,,46910,29940,2158676,2032336,22333,1107962,12175
KATHERINE ANNE PORTER SCHOOL,74,1128,49132,16841,1700990,1429191,14150,753226,7458
TEXAS PREPARATORY SCHOOL,120,,41463,16009,2525732,2575429,16096,1319059,8244
KI CHARTER ACADEMY,281,,55662,21034,5805508,6004737,21756,4015530,14549
SAN MARCOS CISD,8136,977,55336,14109,92898842,91274360,11419,52817004,6608
DRIPPING SPRINGS ISD,7859,1169,55513,13301,73322802,71560554,9862,41515454,5722
WIMBERLEY ISD,2606,1141,58097,13211,26530149,27227519,10636,14781564,5774
HAYS CISD,21345,990,58611,12576,205673395,209773216,10347,122596402,6047
CANADIAN ISD,839,-1,55968,17059,11321620,11833871,13494,6834414,7793
ATHENS ISD,2955,1078,56860,13298,33059743,30428578,10232,17453990,5869
BROWNSBORO ISD,2584,1019,49489,12713,30195173,28401100,10970,16156923,6241
CROSS ROADS ISD,538,1031,47278,15018,7410476,6540069,12410,3339812,6337
EUSTACE ISD,1650,1028,59450,15367,20130265,19396198,12184,11456352,7196
MALAKOFF ISD,1420,941,55802,15431,18240584,18219660,13407,9926377,7304
TRINIDAD ISD,153,912,49515,16472,2451057,2464933,15903,1165586,7520
MURCHISON ISD,179,,47258,16700,2784498,2231905,13285,1330985,7923
LAPOYNOR ISD,491,1014,47258,14518,6215046,5888585,12449,3528690,7460
HORIZON MONTESSORI PUBLIC SCHOOLS,1392,,49107,30504,15758985,13461007,10516,7128878,5569
TRIUMPH PUBLIC HIGH SCHOOLS-RIO GRANDE VALLEY,484,-1,38044,13116,6453266,5184687,10538,2522416,5127
IDEA PUBLIC SCHOOLS,67988,1000,56287,13117,812566609,697804624,11226,317046623,5101
VANGUARD ACADEMY,5364,958,61610,13391,65696988,56054568,11426,32041217,6531
EXCELLENCE IN LEADERSHIP ACADEMY,301,,54761,13282,3984687,3504936,11683,2235406,7451
DONNA ISD,13060,968,58223,14298,190645566,167843017,12124,95011469,6863
EDCOUCH-ELSA ISD,4140,859,53426,15788,65661985,59678360,13154,31482630,6939
EDINBURG CISD,32043,1084,62515,18740,407021632,399207173,12187,245035323,7480
HIDALGO ISD,2836,857,54851,17082,44117265,39840117,13298,20042227,6690
MCALLEN ISD,20282,942,58275,13213,263987634,261261002,12129,144510553,6709
MERCEDES ISD,4416,-1,56562,17976,67088416,61056344,13052,33721842,7209
MISSION CISD,13838,890,63192,15204,184500923,181407523,12062,102194810,6795
PHARR-SAN JUAN-ALAMO ISD,29242,1043,60356,14583,432265591,413757331,13249,240523009,7702
PROGRESO ISD,1393,,51570,15410,21115681,19006113,12398,9291034,6061
SHARYLAND ISD,9481,1101,57750,14189,114661323,109556611,11246,61775692,6341
LA JOYA ISD,24024,1162,60684,14228,357971646,349156235,13117,192609407,7236
WESLACO ISD,15581,1084,61997,12136,199476789,190366027,11509,103102458,6234
LA VILLA ISD,557,,55650,16864,9315373,8459809,14171,3901438,6535
MONTE ALTO ISD,890,908,54757,16228,13101063,11999414,13467,6467365,7259
VALLEY VIEW ISD,3789,-1,58507,13888,53510021,51055586,12356,28079758,6796
ABBOTT ISD,282,-1,54155,15186,3813838,3312642,12090,1937414,7071
BYNUM ISD,181,833,48747,17777,3272551,2704723,13870,1411876,7240
COVINGTON ISD,301,915,54728,29776,8068799,7130947,25837,3722826,13489
HILLSBORO ISD,1930,914,49709,14294,23321194,22165297,11828,12559680,6702
HUBBARD ISD,440,1042,45268,17637,6098863,5346099,12851,2550472,6131
ITASCA ISD,628,894,47930,16384,9278588,8213934,13334,4440167,7208
MALONE ISD,153,,54302,17031,2715330,2104919,12757,1130025,6849
MOUNT CALM ISD,193,884,50244,18033,3109951,2600600,14134,1378012,7489
WHITNEY ISD,1474,1032,52065,14737,17872643,16519294,11480,8752917,6083
AQUILLA ISD,335,977,48187,17316,5208146,4290634,13535,2385059,7524
BLUM ISD,344,994,49728,17862,5736238,4123000,11296,2182220,5979
PENELOPE ISD,198,965,49656,14651,3079360,2993547,14187,1530796,7255
ANTON ISD,182,,42017,17406,2957410,2696137,14653,1291592,7020
LEVELLAND ISD,2746,1084,49114,14873,35008064,32924655,11843,19216142,6912
ROPES ISD,514,1045,48795,15033,6406722,5916706,12456,3241994,6825
SMYER ISD,416,918,50653,15039,6196167,5329835,12936,2922427,7093
SUNDOWN ISD,576,997,55030,16143,8867103,9404631,16675,5472936,9704
WHITHARRAL ISD,236,-1,53675,15461,2538406,2462968,13994,1314110,7467
LAKE GRANBURY ACADEMY CHARTER SCHOOL,51,,110560,17053,1210781,1011736,14250,379337,5343
GRANBURY ISD,7712,1065,56663,11652,76926158,73014270,9805,44140589,5927
LIPAN ISD,447,-1,50660,16369,6018226,5121839,12402,3060536,7410
TOLAR ISD,847,1002,51849,13343,9443853,8157057,10158,4754126,5920
SULPHUR SPRINGS ISD,4329,1016,50655,12768,50082573,48080595,11171,29172093,6778
CUMBY ISD,435,917,51125,14790,6033895,5181711,12337,2890850,6883
NORTH HOPKINS ISD,535,,49431,17018,8375176,6438214,11600,3785927,6821
MILLER GROVE ISD,299,,51111,16310,4690153,3890328,12713,2126965,6951
COMO-PICKTON CISD,724,,49610,13433,9398583,8785178,12444,5264677,7457
SALTILLO ISD,244,-1,51019,18860,4733009,4194887,16581,2253277,8906
SULPHUR BLUFF ISD,202,990,46406,15675,3327224,3066588,14067,1473243,6758
CROCKETT ISD,1190,937,55555,16056,18015849,16313923,12815,8114493,6374
GRAPELAND ISD,631,-1,51313,14250,7738375,6139806,10199,3376086,5608
LOVELADY ISD,504,-1,50085,15497,6615725,6006597,11778,3426643,6719
LATEXO ISD,488,1064,51891,13802,6017459,5644142,12164,3340192,7199
KENNARD ISD,246,1022,49040,16821,3782668,3504533,15715,1703799,7640
BIG SPRING ISD,3629,945,49192,12503,41745756,41398235,11198,21339425,5772
COAHOMA ISD,1084,-1,53421,15572,15806252,13123867,11985,7371738,6732
FORSAN ISD,764,-1,56701,14460,9047242,8945444,11528,4991477,6432
FT HANCOCK ISD,400,884,55055,14792,5871684,6232160,15388,3227703,7970
SIERRA BLANCA ISD,118,,61095,28343,2479448,1839552,14372,1071849,8374
DELL CITY ISD,66,,62776,29874,2094145,2004979,28239,826167,11636
CADDO MILLS ISD,2227,992,54658,12155,21257727,20020454,10055,10837786,5443
CELESTE ISD,483,1171,52744,15210,6889767,6506050,13170,3594621,7277
COMMERCE ISD,1440,1000,53943,16137,21159754,20694065,14203,10701871,7345
GREENVILLE ISD,5320,970,53738,12958,60389232,52672847,9993,28521413,5411
LONE OAK ISD,1025,992,58730,12584,10836348,11899706,12331,6593778,6833
QUINLAN ISD,2575,938,55079,12828,31459666,27651512,10697,14354598,5553
WOLFE CITY ISD,701,,52139,15394,9332923,8786668,13772,5192886,8139
CAMPBELL ISD,303,-1,46536,16034,4425288,3922686,13668,1976288,6886
BLAND ISD,761,1016,53652,15875,10683518,9195569,12719,4986262,6897
BOLES ISD,529,-1,64234,18896,8783200,7871180,15837,4272851,8597
BORGER ISD,2493,874,52262,13268,28158642,26835279,10882,16137883,6544
SANFORD-FRITCH ISD,692,,52407,13478,8596382,9374728,13686,4642616,6778
PLEMONS-STINNETT-PHILLIPS CISD,621,1170,51346,21683,8672781,9101562,13564,5157955,7687
SPRING CREEK ISD,96,,53527,19403,1853053,1631550,15392,859670,8110
IRION COUNTY ISD,334,928,53975,32046,5624567,5086806,15749,2642216,8180
BRYSON ISD,252,-1,54763,18233,3765785,3216171,12370,1723236,6628
JACKSBORO ISD,1077,1008,56726,19243,15134054,13540881,12786,6978952,6590
PERRIN-WHITT CISD,322,920,56867,17392,4900029,4293934,13588,2492683,7888
EDNA ISD,1549,973,48759,14032,19200693,17365585,11789,9813332,6662
GANADO ISD,736,908,52946,15098,9364961,8037849,11289,4579377,6432
INDUSTRIAL ISD,1156,1017,53895,14866,14919720,13806441,11612,7263364,6109
BROOKELAND ISD,369,1000,50648,16265,5924373,5446908,14801,3038035,8256
BUNA ISD,1483,936,48572,14595,19525020,17402869,11727,9826832,6622
JASPER ISD,2166,987,52987,13375,27935296,26967923,12082,15045182,6741
KIRBYVILLE CISD,1450,1034,48825,12866,16054456,14784904,10576,8006744,5727
EVADALE ISD,397,946,48767,17837,6350765,5894938,15154,2976939,7653
FT DAVIS ISD,176,,54866,15596,3041136,3143509,16121,1752108,8985
VALENTINE ISD,35,,62541,48246,1640380,1554509,45721,785502,23103
TEKOA ACADEMY OF ACCELERATED STUDIES STEM SCHOOL,366,-1,46343,11330,5810818,4566158,10036,2095311,4605
EHRHART SCHOOL,507,,46944,12931,6258425,4927871,10182,2778811,5741
BOB HOPE SCHOOL,2362,942,51028,11874,28315848,22258793,9333,11416099,4787
NEDERLAND ISD,4983,1020,60013,13443,53409677,55197114,11050,31237061,6254
PORT ARTHUR ISD,7840,886,54868,17634,100402423,101504563,12942,55797299,7114
PORT NECHES-GROVES ISD,5186,1003,60405,13465,57499740,54193765,10909,30664732,6172
BEAUMONT ISD,16729,985,52697,13636,198408673,188083234,11006,103284209,6044
SABINE PASS ISD,365,983,51920,23138,7236954,7114104,18335,3179014,8193
HAMSHIRE-FANNETT ISD,1953,971,48121,12285,21293333,22529199,11901,9465260,5000
JIM HOGG COUNTY ISD,1076,879,52994,16407,17252022,14194133,12473,7401317,6504
ALICE ISD,4359,-1,54263,12808,56472206,52406352,11215,27481077,5881
BEN BOLT-PALITO BLANCO ISD,495,,50127,14514,7069280,6051687,11616,3118027,5985
ORANGE GROVE ISD,1770,991,51591,12546,20186261,19068829,11132,11493059,6709
PREMONT ISD,695,831,55842,19758,12931555,10649045,15191,5331211,7605
LA GLORIA ISD,94,,58501,15596,1598536,1497861,14265,831210,7916
ALVARADO ISD,3595,975,60137,12685,37690970,38539302,10835,22081735,6208
BURLESON ISD,12693,1063,60465,12519,129071312,120858496,9661,68759602,5496
CLEBURNE ISD,7036,1012,63009,13154,76376722,73104540,10713,42051180,6162
GRANDVIEW ISD,1364,1210,55448,13570,16991185,15686062,11776,8777201,6589
JOSHUA ISD,5862,965,62212,12272,59834028,60284685,11017,35461389,6481
KEENE ISD,1016,1047,49027,16272,14603064,12137979,11291,7191840,6690
RIO VISTA ISD,817,1021,51499,15774,10542260,9707375,12607,5261458,6833
VENUS ISD,2300,979,50909,13576,26633321,24786683,11303,13422774,6121
GODLEY ISD,2598,946,50247,15419,32421144,31567638,12938,17531598,7185
ANSON ISD,739,1084,51903,15236,10173422,9489577,13403,5262744,7433
HAMLIN COLLEGIATE ISD,430,,47613,19822,8094574,6764499,15270,3834438,8656
HAWLEY ISD,765,-1,47414,14992,11065043,9358740,11998,5109237,6550
LUEDERS-AVOCA ISD,96,,47550,24823,2528243,2268123,21197,1343936,12560
STAMFORD ISD,620,892,50912,22460,12370912,10680753,17951,5663842,9519
KARNES CITY ISD,1048,1047,55851,23302,23300445,20761976,15873,13016690,9952
KENEDY ISD,733,,52962,20515,10665087,10405075,14352,5316347,7333
RUNGE ISD,217,905,51451,22204,3491525,3708942,16267,1899604,8332
FALLS CITY ISD,428,1063,56457,23724,5778029,5278762,13002,2814005,6931
CRANDALL ISD,5439,1026,56934,12258,51121310,50167468,10337,27853135,5739
FORNEY ISD,14314,1096,58686,11409,116419955,107617483,8458,62179275,4887
KAUFMAN ISD,4093,1005,56832,12630,45997181,41831412,10421,24855470,6192
KEMP ISD,1689,955,54854,13872,20892037,19428417,11782,11050847,6702
MABANK ISD,3653,1110,51977,12160,38493461,36723025,10368,19916514,5623
TERRELL ISD,4962,935,59246,18283,58484576,53886717,11412,27460896,5816
SCURRY-ROSSER ISD,1083,951,53761,14373,13483286,12831875,11992,7009617,6551
MEADOWLAND CHARTER DISTRICT,79,,52870,24400,2000807,1911220,23308,1097233,13381
BOERNE ISD,10268,1089,57423,11966,87595646,92138015,9652,51452418,5390
COMFORT ISD,1067,1016,53537,15481,13515325,12556881,11813,6852092,6446
KENEDY COUNTY WIDE CSD,101,,62393,23573,1794920,2349298,26397,1142198,12834
JAYTON-GIRARD ISD,169,,58842,57391,9391188,3652569,20753,1583542,8997
CENTER POINT ISD,535,909,55373,15839,8227031,7367717,13797,3709265,6946
HUNT ISD,208,,55975,17217,2853684,2933620,15944,1631890,8869
KERRVILLE ISD,4808,1009,55318,12114,51438668,47234968,9888,26392267,5525
INGRAM ISD,1172,1018,56281,15524,15574510,14063222,12831,7684044,7011
DIVIDE ISD,32,,53776,29217,642781,612001,27818,278541,12661
JUNCTION ISD,639,937,48513,15791,9390349,8062188,13459,4253163,7100
GUTHRIE CSD,132,,58293,26544,2340800,3225411,27104,1450249,12187
BRACKETT ISD,531,1043,52114,17618,9068693,7515914,14482,4250008,8189
KINGSVILLE ISD,2799,981,52756,14451,35235964,34034740,11942,17969425,6305
RICARDO ISD,622,,61401,14192,9251292,7751085,11852,4460555,6820
RIVIERA ISD,478,879,54703,14762,6398726,6601978,15177,3404784,7827
SANTA GERTRUDIS ISD,781,1099,58834,12589,9113283,8774137,11263,4436130,5695
KNOX CITY-O'BRIEN CISD,228,-1,51034,18920,4506423,4305802,18016,2181291,9127
MUNDAY CISD,379,-1,50660,17667,5925743,5647794,14902,3358639,8862
BENJAMIN ISD,133,-1,52416,22872,2751885,2097764,16013,1261822,9632
CHISUM ISD,1145,-1,52884,15741,13901318,12255247,11562,7181207,6775
PARIS ISD,3807,1067,48251,13000,46719684,44375606,11505,25734296,6672
NORTH LAMAR ISD,2380,1093,47587,13013,28191428,26316437,11146,15224131,6448
PRAIRILAND ISD,1089,-1,49703,12369,12298653,10737323,10384,6283445,6077
AMHERST ISD,126,,46894,18780,2437669,2328297,17773,1346994,10282
LITTLEFIELD ISD,1233,848,49382,13626,17238782,15881245,12535,9107338,7188
OLTON ISD,582,,46977,20748,8890731,8325100,14063,4215566,7121
SPRINGLAKE-EARTH ISD,296,-1,52033,16784,5115156,5590289,18269,3280074,10719
SUDAN ISD,483,,55871,18398,6973967,7242228,15119,3654391,7629
LAMPASAS ISD,3403,1102,53842,12590,39046184,38021425,11166,20498626,6020
LOMETA ISD,317,1038,47586,22798,6763893,4182846,13237,2426862,7680
COTULLA ISD,1172,888,49752,19302,19032505,20466797,16179,11070318,8751
HALLETTSVILLE ISD,1147,1004,51978,14618,12829859,12058626,10883,6265118,5654
MOULTON ISD,308,1033,52327,17468,4063925,3515425,12335,1972500,6921
SHINER ISD,704,1095,57276,19478,9345852,7350724,10592,3948980,5690
VYSEHRAD ISD,111,,52796,13289,1408785,1372833,12830,826224,7722
SWEET HOME ISD,136,,55493,15475,2170818,1622063,11343,910400,6366
EZZELL ISD,94,,51459,18150,1156823,1032179,13405,575364,7472
GIDDINGS ISD,1920,1010,53126,13189,22405165,20271780,10703,11882843,6274
LEXINGTON ISD,1093,958,53421,13051,13198224,11539732,10907,6479209,6124
DIME BOX ISD,181,795,49166,17097,2535353,2345134,14657,1118373,6990
BUFFALO ISD,1024,894,52071,14685,12564736,10589820,11194,5714527,6041
CENTERVILLE ISD,711,975,50908,16120,9135707,9229988,14399,5008479,7814
NORMANGEE ISD,625,1007,49743,15154,7532573,7000030,11864,3708354,6285
OAKWOOD ISD,233,925,47691,18675,3049743,2985395,15549,1733169,9027
LEON ISD,717,973,57525,44285,9870898,8856973,12050,4685735,6375
CLEVELAND ISD,10851,848,60420,12923,103299889,100150773,11291,60683248,6841
DAYTON ISD,5603,930,58175,11378,55714149,55283923,10103,28992954,5298
DEVERS ISD,216,,73462,16117,3099179,2321170,11323,1259104,6142
HARDIN ISD,1280,915,49991,12417,13678319,15212497,12439,7792261,6371
HULL-DAISETTA ISD,433,905,50476,19259,8702080,6901346,15003,3561120,7742
LIBERTY ISD,2244,976,58413,15223,30178908,27459418,12352,14585788,6561
TARKINGTON ISD,1809,957,58215,13200,20352768,19416560,11322,10828570,6314
COOLIDGE ISD,302,-1,55691,18553,5460375,4189612,13603,2450329,7956
GROESBECK ISD,1543,1056,56242,14651,18449776,18645535,12259,9541896,6273
MEXIA ISD,1855,,50013,14284,25173429,22991922,12489,12249931,6654
BOOKER ISD,355,,48673,15664,5633943,5294657,14626,2942862,8129
FOLLETT ISD,176,,46527,16118,2503566,2343938,13788,1323810,7787
DARROUZETT ISD,149,,46892,19373,2296132,2230937,16166,1170405,8481
GEORGE WEST ISD,1036,1009,54689,13759,12283343,12003790,11632,6820641,6609
THREE RIVERS ISD,573,912,57506,22153,9925209,9217293,16314,4890376,8656
LLANO ISD,1881,1027,57017,18539,23222982,21839453,12646,11405586,6604
TEXAS TECH UNIVERSITY K-12,977,1208,,,,,,,
RISE ACADEMY,305,,50933,11358,3146070,2874424,10377,1908296,6889
TRIUMPH PUBLIC HIGH SCHOOLS-LUBBOCK,178,-1,44246,11575,2222468,1868741,9733,941892,4906
BETTY M CONDRA SCHOOL FOR EDUCATION INNOVATION,185,,48968,18272,2704187,2639218,17833,1519661,10268
LUBBOCK ISD,25551,933,51828,13051,322017572,299503819,11386,173197616,6584
NEW DEAL ISD,725,902,50271,13903,10395282,8706621,11547,4958961,6577
SLATON ISD,1279,901,47957,17074,20787577,18813058,14252,10240496,7758
LUBBOCK-COOPER ISD,7575,1054,50681,12469,68967968,67644253,9534,39124848,5514
FRENSHIP ISD,10860,990,52214,12672,99537112,96936980,9376,54819550,5302
ROOSEVELT ISD,1110,948,45414,18345,15729780,13206192,13063,7151863,7074
SHALLOWATER ISD,1745,1033,51844,13335,20422367,19432924,11588,10759273,6416
IDALOU ISD,1003,1006,49536,13206,11841221,10864062,11329,6445588,6721
O'DONNELL ISD,296,,51607,19176,4721417,4967490,16669,2576238,8645
TAHOKA ISD,597,-1,51600,19454,9789769,8954210,14999,5081816,8512
NEW HOME ISD,586,1017,48649,12326,6631953,5406554,9419,3103675,5407
WILSON ISD,126,,42658,33447,3840662,2215001,16407,1180197,8742
MADISONVILLE CISD,2315,986,59306,12579,27360050,27063612,11818,14514618,6338
NORTH ZULCH ISD,315,1011,51281,16725,4535717,4264631,14263,2262989,7569
JEFFERSON ISD,1160,-1,52997,15900,18871868,15206764,12424,8413352,6874
STANTON ISD,1101,938,56704,26879,16669876,15262188,14563,8560071,8168
GRADY ISD,249,1018,64715,97865,8705654,4855784,21486,2057628,9105
MASON ISD,755,1119,51652,14380,9648086,9106719,12755,5114038,7163
BAY CITY ISD,3508,1017,58211,15509,41039324,45133537,12778,22319246,6319
TIDEHAVEN ISD,1007,1045,60495,16567,12859749,12551225,13212,6342706,6677
MATAGORDA ISD,101,,49199,20384,1847991,1702723,16063,908830,8574
PALACIOS ISD,1320,1066,57358,16413,19521716,17362148,13213,8752612,6661
VAN VLECK ISD,1077,969,64621,21476,16682310,15493019,14713,8017029,7614
EAGLE PASS ISD,13358,991,62115,16185,183948028,154064058,11001,84839859,6058
BRADY ISD,960,897,50283,17747,15443619,14539390,14701,7373892,7456
ROCHELLE ISD,194,-1,53127,15733,2914484,2730894,14005,1450943,7441
LOHN ISD,125,-1,57133,25758,2369075,2028630,19889,1053812,10331
WACO CHARTER SCHOOL,193,,51971,12652,2801523,2685030,12040,1430657,6416
RAPOPORT ACADEMY PUBLIC SCHOOL,855,949,44855,13348,10958767,11160672,13594,7330953,8929
HARMONY PUBLIC SCHOOLS - NORTH TEXAS,9866,1043,61902,11593,116797808,100513766,9988,57639861,5728
CRAWFORD ISD,558,-1,50998,15067,7888606,6372833,11360,3656593,6518
MIDWAY ISD,8394,1129,52617,11868,81858226,80101864,9729,47613401,5783
LA VEGA ISD,3089,911,54023,12616,35850253,35376528,11531,18022038,5874
LORENA ISD,1764,1064,54355,11770,18401887,17827509,10257,9875398,5682
MART ISD,533,967,53942,15594,7668120,7155083,13250,3783697,7007
MCGREGOR ISD,1492,1107,54932,14314,19004692,17536338,11865,10349539,7002
MOODY ISD,687,979,54912,15586,9698522,8760355,13213,4640408,6999
RIESEL ISD,620,941,50827,15512,7670538,6694102,10330,3604983,5563
WACO ISD,14066,1039,55644,14599,193499677,183143809,12719,102042157,7087
WEST ISD,1234,987,55792,12674,14895515,14730682,11710,7584424,6029
AXTELL ISD,757,1104,53567,14918,11390493,11900636,15496,6437424,8382
BRUCEVILLE-EDDY ISD,609,1162,51660,16220,9068591,8768807,14305,4974161,8114
CHINA SPRING ISD,2951,1071,52721,11342,28795528,28084280,9806,16726132,5840
CONNALLY ISD,2270,919,51469,13176,28709571,27129427,11589,15158804,6475
ROBINSON ISD,2400,1035,52665,18085,25938518,25387779,10574,14780081,6156
BOSQUEVILLE ISD,699,1064,54498,14722,10104768,8660541,11880,5285802,7251
HALLSBURG ISD,162,,59813,14002,2154721,2019279,12313,1143151,6970
GHOLSON ISD,231,-1,51693,14612,3156391,2708144,12423,1541955,7073
MCMULLEN COUNTY ISD,283,,63276,42705,6086237,6033163,22596,2864536,10729
DEVINE ISD,1961,1008,55620,11700,21886644,20748329,10484,11470044,5796
D'HANIS ISD,296,1130,56284,23343,4715471,4739589,15046,2708845,8600
NATALIA ISD,1143,888,54468,14613,13931320,13706294,13385,7245987,7076
HONDO ISD,1767,1066,52709,13389,19592044,19436897,10703,11326577,6237
MEDINA VALLEY ISD,6757,1077,61549,12152,62086452,60696264,9936,33799909,5533
MENARD ISD,297,,48266,19811,5510229,5241331,18786,2084773,7472
MIDLAND ACADEMY CHARTER SCHOOL,363,,60402,11488,4250391,3653441,9874,2242949,6062
MIDLAND ISD,26387,987,63982,13377,312243636,276290764,10813,165545152,6479
GREENWOOD ISD,3081,956,61420,14433,35883642,30975510,10922,18283251,6447
CAMERON ISD,1569,941,52568,12638,18586893,16943481,10408,9221370,5664
GAUSE ISD,163,,53976,17135,2812052,1988538,11979,1232575,7425
MILANO ISD,409,1011,51576,17022,6197257,5992374,15132,3106826,7846
ROCKDALE ISD,1416,944,51088,15830,20379074,18872809,13070,10240539,7092
THORNDALE ISD,594,1009,54267,14377,8252434,7182975,12514,3952613,6886
BUCKHOLTS ISD,140,845,51043,18876,2549375,2404938,17056,1099383,7797
GOLDTHWAITE ISD,532,-1,50246,20996,8737552,9334277,18160,5404784,10515
MULLIN ISD,195,,53292,23602,5031037,5383075,24922,2987749,13832
PRIDDY ISD,123,1048,51726,20969,2205255,2126335,18330,1204746,10386
COLORADO ISD,872,,49645,16640,12469894,10434358,11790,5837158,6596
LORAINE ISD,133,,48836,22731,2383857,2398036,16888,1223209,8614
WESTBROOK ISD,258,,58883,14895,3227871,4055983,17868,2019905,8898
BOWIE ISD,1685,970,49908,13926,18654950,16876942,9998,9870368,5847
NOCONA ISD,805,-1,47787,15149,12176828,10136011,12607,5700429,7090
GOLD BURG ISD,144,-1,50398,20968,2273180,2168437,16304,1229722,9246
MONTAGUE ISD,148,,51595,17301,2593600,1677364,11108,943192,6246
PRAIRIE VALLEY ISD,147,,56675,16539,2476736,2081848,13696,1202065,7908
FORESTBURG ISD,175,-1,47981,16986,2475636,2568633,15856,1555872,9604
SAINT JO ISD,322,1021,47188,18602,4752299,3858083,12094,2073601,6500
TEXAS SERENITY ACADEMY,341,,59822,16349,6833752,6835474,16353,3047649,7291
CONROE ISD,67490,1120,62882,11520,635907305,610694232,9498,372217307,5789
MONTGOMERY ISD,9328,1036,61899,12300,85018018,82209369,9233,47908083,5381
WILLIS ISD,8395,907,59499,11994,81045501,71753707,9148,40169672,5121
MAGNOLIA ISD,13613,1029,59828,12837,141690838,138601559,10618,82740891,6338
SPLENDORA ISD,4362,912,61009,13146,47420943,47344484,11422,26400781,6369
NEW CANEY ISD,17098,1023,64693,13813,185901256,182960452,11256,103819539,6387
DUMAS ISD,4268,-1,53835,12731,44704983,44064327,10595,26607713,6398
SUNRAY COLLEGIATE ISD,618,-1,48893,16605,8027652,8213874,13898,4369706,7394
DAINGERFIELD-LONE STAR ISD,994,963,52353,16092,15666824,13392156,12706,6710626,6367
PEWITT CISD,866,,48661,13718,11562533,10822877,12599,5497448,6400
MOTLEY COUNTY ISD,157,,52393,20042,3306476,3404096,20384,1683877,10083
STEPHEN F AUSTIN STATE UNIVERSITY CHARTER SCHOOL,256,,45427,9676,2467267,2286403,8966,1392855,5462
CHIRENO ISD,407,882,54594,15353,6004142,4743502,12039,2906713,7377
CUSHING ISD,554,1023,51439,17385,8069958,6369333,11096,3430427,5976
GARRISON ISD,748,1043,51693,12871,8783543,7163217,10397,4115211,5973
NACOGDOCHES ISD,5883,971,48306,12425,67341075,67838725,11463,38044762,6429
WODEN ISD,759,920,53001,13854,9930439,8827317,11569,5204187,6821
CENTRAL HEIGHTS ISD,1137,1040,50357,14105,14442008,12684604,11235,8310329,7361
MARTINSVILLE ISD,344,,49878,18213,5081917,4317057,12735,2514368,7417
ETOILE ISD,93,,49579,19190,1568060,1754224,19277,881839,9691
DOUGLASS ISD,456,1089,50874,11983,5439378,4735537,10385,2861606,6275
BLOOMING GROVE ISD,903,949,45845,19722,11139923,10213316,11386,5761039,6423
CORSICANA ISD,5996,929,55409,12465,68049592,66519809,10986,38630849,6380
DAWSON ISD,525,,53058,17366,8203422,7464167,14693,3897490,7672
FROST ISD,435,1082,52955,14908,5752730,5551411,12821,2929559,6766
KERENS ISD,552,914,53860,16584,8171336,7867813,13827,4158518,7308
MILDRED ISD,831,1012,55037,14918,9607300,7960436,10628,4695175,6269
RICE ISD,993,963,50312,15378,13461310,10753196,11109,5604019,5789
BURKEVILLE ISD,232,872,55186,18573,4751258,4194535,15593,1972719,7334
NEWTON ISD,958,925,45621,16575,15237901,14283425,14756,7211870,7450
DEWEYVILLE ISD,529,961,52872,41510,6559171,6937259,12991,3557946,6663
ROSCOE COLLEGIATE ISD,3076,915,50036,29616,17494876,14777898,21700,11540745,16947
SWEETWATER ISD,2052,,53993,14982,27939814,26603113,12815,14743126,7102
BLACKWELL CISD,155,959,56121,39273,5623827,3942004,23464,1838810,10945
HIGHLAND ISD,225,,50233,24365,4366272,3909585,17934,1914562,8782
DR M L GARZA-GONZALEZ CHARTER SCHOOL,166,,43504,14006,3095381,2744278,12418,1125576,5093
CORPUS CHRISTI MONTESSORI SCHOOL,121,,46869,11579,1343192,1204291,10382,674277,5813
SEASHORE CHARTER SCHOOLS,495,,42188,9411,4696310,4317839,8653,2539693,5090
AGUA DULCE ISD,400,-1,58159,15576,5831899,5205555,12885,2867080,7097
BISHOP CISD,1457,1060,56647,14976,20339132,18393853,11836,8979233,5778
CALALLEN ISD,3856,958,56593,13179,45986039,44355686,11244,25291378,6411
CORPUS CHRISTI ISD,33107,991,56921,13121,361891472,368254861,10698,206415129,5997
DRISCOLL ISD,272,,54804,17967,4593752,4456737,15529,2287786,7971
LONDON ISD,1427,1184,52350,11650,12560960,11784165,9214,5947359,4650
PORT ARANSAS ISD,524,1143,57173,20643,8458071,8486607,16906,4218421,8403
ROBSTOWN ISD,2479,,50917,14949,34115960,32581303,12526,16133428,6203
TULOSO-MIDWAY ISD,3745,1039,53397,15313,45576918,40937844,10669,22568802,5882
BANQUETE ISD,858,-1,53782,15915,11289828,11905938,13925,6495809,7597
FLOUR BLUFF ISD,5523,1110,55526,13464,51844234,53500677,9682,29863101,5404
WEST OSO ISD,1964,931,55955,12284,21490723,23796574,12049,13449293,6810
PERRYTON ISD,2046,-1,49545,12137,23527913,23441348,11031,13145166,6186
BOYS RANCH ISD,178,1028,59329,41572,8563886,7077075,34355,4630122,22476
VEGA ISD,368,1045,50683,19852,5439278,5443622,15121,3068634,8524
ADRIAN ISD,113,880,46259,25705,2306313,2635250,21600,1378436,11299
WILDORADO ISD,230,,45383,24730,3697960,2401849,11120,1240998,5745
BRIDGE CITY ISD,3090,1003,52280,11372,29634990,26937364,8926,14753141,4888
ORANGEFIELD ISD,1843,972,51769,11650,20070782,19260200,10784,10045772,5625
WEST ORANGE-COVE CISD,2555,889,53564,17504,34055131,30230670,12001,15440309,6130
VIDOR ISD,4254,979,54525,11969,49318201,47669690,11269,26700236,6312
LITTLE CYPRESS-MAURICEVILLE CISD,3223,1033,50440,12947,34802525,33472153,10516,18123625,5694
GORDON ISD,264,992,53328,16617,3093831,2771614,12598,1391854,6327
GRAFORD ISD,321,-1,58097,16947,4579989,4238570,13413,2336452,7394
MINERAL WELLS ISD,3228,999,60468,13910,38213340,37647550,12105,22193478,7136
SANTO ISD,496,1071,51740,14218,6356935,5987219,13305,2976865,6615
STRAWN ISD,162,943,56027,16740,2352778,2310491,16271,1257334,8854
PALO PINTO ISD,84,,48412,23251,1665161,1501747,17878,797270,9491
PANOLA CHARTER SCHOOL,209,,36081,11326,2163349,1628459,8526,596335,3122
BECKVILLE ISD,686,,49258,12371,8262162,8064799,12001,4311415,6416
CARTHAGE ISD,2668,1130,54977,15222,32842163,31313583,11843,17619346,6664
GARY ISD,487,981,49188,14459,6059497,5503745,11685,3143793,6675
CROSSTIMBERS ACADEMY,149,-1,52724,13939,1672712,1548397,12903,761159,6343
POOLVILLE ISD,644,971,51690,14571,7636944,7456140,13410,4178161,7515
SPRINGTOWN ISD,3883,998,58373,12308,40855624,40186072,11157,24050935,6677
WEATHERFORD ISD,8005,1065,59754,13406,92084043,86261831,10784,50129203,6267
MILLSAP ISD,1100,1020,52974,14833,13530458,12443752,12128,7092645,6913
ALEDO ISD,7325,1082,63006,12678,65897022,64154184,9605,35981626,5387
PEASTER ISD,1622,1080,53382,14549,18096447,16066012,11650,9055111,6566
BROCK ISD,2002,1046,52187,11839,17050411,17065358,9702,10152416,5772
GARNER ISD,244,,53334,19260,3215977,2707785,12536,1494971,6921
BOVINA ISD,458,923,54229,14652,6813047,6368946,13697,3813087,8200
FARWELL ISD,585,,52053,16030,7780566,6892325,12740,4149066,7669
FRIONA ISD,1078,-1,49688,15410,14168844,14470994,13337,7811017,7199
LAZBUDDIE ISD,164,,46987,15084,2727748,2395012,13159,1228346,6749
BUENA VISTA ISD,240,901,51833,15339,3646001,3113368,12972,1472881,6137
FORT STOCKTON ISD,2230,-1,53288,17304,30973350,29899699,13028,14681104,6397
IRAAN-SHEFFIELD ISD,323,-1,53320,23385,5518454,5911826,17543,2325135,6900
BIG SANDY ISD,529,-1,62524,16173,7713892,6849335,13865,4082704,8265
GOODRICH ISD,244,922,49063,18543,4485837,3487534,13730,1726873,6799
CORRIGAN-CAMDEN ISD,817,965,63947,17796,12865483,12160117,15432,5878993,7461
LEGGETT ISD,219,918,46809,16834,3098599,2404532,11787,1297386,6360
LIVINGSTON ISD,4013,943,58908,13692,47151004,43235279,11387,25563654,6733
ONALASKA ISD,1213,1016,54562,14132,15482684,13392786,11350,7720569,6543
AMARILLO ISD,30748,949,59755,11768,349860451,343632956,10997,216085431,6915
RIVER ROAD ISD,1340,-1,50471,13813,16357250,15889144,12531,8533511,6730
HIGHLAND PARK ISD,826,1031,58041,17381,11487958,11051984,12474,6312809,7125
BUSHLAND ISD,1546,1042,55277,12253,14889262,14875950,10323,9129587,6336
MARFA ISD,270,-1,49584,17737,4434813,4422455,15094,2274803,7764
PRESIDIO ISD,1046,965,50127,14654,14478024,13655178,12907,6524568,6167
RAINS ISD,1727,1025,48825,13060,19659722,19232570,11273,10670008,6254
CANYON ISD,10659,1112,58052,11253,97406531,90067360,8760,53455317,5199
REAGAN COUNTY ISD,812,-1,54002,24683,17354047,15710592,18838,8114620,9730
BIG SPRINGS CHARTER SCHOOL,202,,45639,16927,3944077,3784937,16244,1808787,7763
LEAKEY ISD,328,-1,50458,18135,4413063,3853919,13523,2164369,7594
AVERY ISD,358,,48774,16509,5269743,4860404,15094,2673554,8303
RIVERCREST ISD,684,-1,50684,15599,9623667,8565603,13037,5096431,7757
CLARKSVILLE ISD,522,-1,49893,17379,7924315,6892057,14329,3495906,7268
DETROIT ISD,528,,49395,19740,9432066,8962124,17402,5598445,10871
PECOS-BARSTOW-TOYAH ISD,2671,931,61054,18539,36985970,40897523,15164,21492992,7969
BALMORHEA ISD,148,859,59587,36653,2890513,3238420,21029,1598706,10381
AUSTWELL-TIVOLI ISD,131,1030,53921,27100,2720605,2810810,20668,1412179,10384
WOODSBORO ISD,437,998,50178,26972,9451375,6677101,15674,3527393,8280
REFUGIO ISD,689,947,48716,19981,12352673,11858632,17414,6024972,8847
MIAMI ISD,196,,45511,24355,2924604,2950831,15132,1503811,7712
BREMOND ISD,496,963,54654,14922,6280905,6460025,13103,3819630,7748
CALVERT ISD,142,,41153,20636,2736663,2440151,17064,1349524,9437
FRANKLIN ISD,1347,1059,56442,24092,15952798,17964648,14337,9370298,7478
HEARNE ISD,737,798,52355,43149,16642525,11630860,16176,5838349,8120
MUMFORD ISD,611,-1,52705,15531,9551498,5540805,9009,3414785,5552
ROCKWALL ISD,17818,1110,58333,11903,155417324,158990817,9431,91308529,5416
ROYSE CITY ISD,7610,972,56900,12661,70123693,61493700,8951,35199055,5124
BALLINGER ISD,837,-1,50815,16326,12892856,11695625,13743,6707500,7882
MILES ISD,486,-1,49322,15684,6733964,5598926,11964,3007486,6426
WINTERS ISD,552,953,46641,23880,7539540,7919511,14269,4169577,7513
OLFEN ISD,141,914,47710,19878,2657750,2140501,15074,1005528,7081
HENDERSON ISD,3410,1139,49576,12425,37535043,35300485,10575,18397332,5511
LANEVILLE ISD,156,,48607,17036,2776872,2435777,14943,1243265,7627
LEVERETTS CHAPEL ISD,244,,53088,15313,3609345,3377283,14311,1931296,8183
MOUNT ENTERPRISE ISD,467,843,50314,15176,6017796,5170086,12829,2863639,7106
OVERTON ISD,473,,54998,23058,7027854,6870539,14404,3742289,7845
TATUM ISD,1470,-1,56399,13736,17588765,17292037,11763,8592669,5845
CARLISLE ISD,607,,49412,18477,9433874,8290707,13547,4673363,7636
WEST RUSK COUNTY CONSOLIDATED ISD,1038,,54882,13585,12717658,12561433,12231,6779789,6602
HEMPHILL ISD,901,-1,57541,16550,12155794,12935083,14716,7023109,7990
WEST SABINE ISD,559,979,54273,14133,7457062,7175371,12655,3849253,6789
SAN AUGUSTINE ISD,662,-1,53039,19083,11680454,11399513,16642,6233548,9100
BROADDUS ISD,365,-1,56627,22520,7696716,7248251,20709,2970120,8486
COLDSPRING-OAKHURST CISD,1586,989,52387,13781,19514493,19823153,12973,10394827,6803
SHEPHERD ISD,1909,984,56377,14039,25388429,22204866,11541,11047300,5742
ARANSAS PASS ISD,1674,1041,56917,13021,20100172,18690392,11404,9009727,5497
GREGORY-PORTLAND ISD,4717,981,71811,24424,82943704,55123204,11716,30642725,6513
INGLESIDE ISD,1998,-1,63192,14438,26572819,23400494,11404,12331848,6010
MATHIS ISD,1441,883,53474,18969,24334260,21596023,14369,12204064,8120
ODEM-EDROY ISD,837,-1,52004,17367,12779880,11415877,13574,5661021,6731
SINTON ISD,2027,900,56943,16126,29306711,24734018,11966,13546922,6554
TAFT ISD,888,-1,55736,21069,17664411,14063917,14962,6874587,7313
SAN SABA ISD,730,879,52238,14509,9463129,9724516,13488,6058248,8403
RICHLAND SPRINGS ISD,120,,61153,23197,2345921,2481810,22159,1242944,11098
CHEROKEE ISD,126,983,55911,19315,2467901,2334516,18097,1330013,10310
SCHLEICHER ISD,499,1035,51952,14275,7331111,7080545,13590,4115761,7900
HERMLEIGH ISD,258,956,52121,15638,3302627,3566024,13457,1578405,5956
SNYDER ISD,2551,966,50343,13251,32832768,35263587,13521,21653158,8303
IRA ISD,275,-1,53585,17734,3428714,3155230,11600,1669902,6139
ALBANY ISD,510,1036,55777,12849,6425136,5934429,11798,3332747,6626
MORAN ISD,114,,51152,20794,2387107,2088266,17848,1258908,10760
CENTER ISD,2518,1007,52153,14301,32889261,29425920,11923,16314194,6610
JOAQUIN ISD,681,,54283,16502,9982735,8804340,13200,4768894,7150
SHELBYVILLE ISD,773,-1,53626,14297,10837098,9476149,12307,5427416,7049
TENAHA ISD,472,,66496,15133,7308765,7006899,14014,3542804,7086
TIMPSON ISD,643,941,51449,16894,10303667,8731086,13474,4250887,6560
EXCELSIOR ISD,68,,51297,19632,1368888,1346736,18968,757928,10675
TEXHOMA ISD,108,,47526,11031,1820732,1601619,9477,803195,4753
STRATFORD ISD,579,-1,51055,17031,9134084,7127911,12396,4335296,7540
CUMBERLAND ACADEMY,1926,980,44231,11002,21554738,17632618,8992,12307890,6276
UT TYLER UNIVERSITY ACADEMY,853,1191,50277,10608,8773109,7662124,9265,4989632,6033
ARP ISD,923,1053,50650,15550,12287648,11102854,12689,6331108,7236
BULLARD ISD,2788,1030,49384,12927,29410573,28061154,10541,14705762,5524
LINDALE ISD,4244,1133,52792,12513,45767933,42785181,10365,25128433,6087
TROUP ISD,1050,-1,51379,13603,13365182,12688733,12452,6962449,6833
TYLER ISD,18126,1027,53372,13082,192825460,181072671,10227,104634528,5910
WHITEHOUSE ISD,4896,1151,53251,11525,47406456,47084960,9787,26685387,5547
CHAPEL HILL ISD,3393,936,54296,12297,40194199,40079595,11743,21975142,6439
WINONA ISD,1077,882,50769,16075,14886200,14633242,13950,7809964,7445
BRAZOS RIVER CHARTER SCHOOL,182,,50338,14180,2935160,2939628,14201,1790055,8648
GLEN ROSE ISD,1982,1040,58884,15185,26519026,23576426,12318,12984452,6784
RIO GRANDE CITY GRULLA ISD,9007,983,53284,14409,128052561,128439977,12858,69320348,6940
SAN ISIDRO ISD,190,,50004,19732,3680967,3555636,18049,1825901,9269
ROMA ISD,5621,1116,56886,15362,83247376,76142541,12588,42220191,6980
BRECKENRIDGE ISD,1414,1039,48255,11472,16075189,14106731,10062,7409026,5285
STERLING CITY ISD,337,,51923,24208,6153529,5415059,16021,2582434,7640
ASPERMONT ISD,184,,45668,18150,3231843,3010674,14201,1366705,6447
SONORA ISD,684,-1,53031,15584,10387604,10463603,15056,5494047,7905
HAPPY ISD,259,,53870,13194,3549060,3595996,13368,2060245,7659
TULIA ISD,943,-1,53173,16569,14351184,13097861,13831,6662418,7035
KRESS ISD,271,999,45857,15607,3993284,3453262,12467,1834166,6622
TREETOPS SCHOOL INTERNATIONAL,323,997,57570,10721,3530927,3440147,8798,2508574,6416
ARLINGTON CLASSICS ACADEMY,1526,,60592,9784,15087121,13566342,8798,7656047,4965
FORT WORTH ACADEMY OF FINE ARTS,653,1103,52190,9394,5964954,5890194,9276,3508937,5526
WESTLAKE ACADEMY CHARTER SCHOOL,877,1306,60430,11298,9592556,9557737,11049,5282168,6107
EAST FORT WORTH MONTESSORI ACADEMY,185,,52473,13351,2937200,2710576,12321,1332123,6055
TEXAS SCHOOL OF THE ARTS,293,,47523,10350,2970388,3031344,10562,1559594,5434
CHAPEL HILL ACADEMY,693,,59290,10294,7854030,7724074,10123,4946013,6482
NEWMAN INTERNATIONAL ACADEMY OF ARLINGTON,3032,968,45522,10604,32428107,30395185,9940,16895907,5525
HIGH POINT ACADEMY,1431,1018,48405,10681,16960717,16652197,10486,8605323,5419
ARLINGTON ISD,55594,956,63040,12511,612109967,614447406,10821,365863742,6443
BIRDVILLE ISD,22447,1040,61153,12567,236348140,233825850,10313,135755676,5988
EVERMAN ISD,5457,869,64720,13865,71116992,72821740,12903,43259371,7665
FORT WORTH ISD,74326,906,65389,14234,932700625,916158051,11936,508776926,6629
GRAPEVINE-COLLEYVILLE ISD,13930,1113,61115,14894,146711627,146298023,10533,90063166,6484
KELLER ISD,34336,1110,62791,12292,351090436,362918178,10587,218593144,6377
MANSFIELD ISD,35240,1010,63749,11942,337665857,340901844,9723,202716441,5781
LAKE WORTH ISD,3632,947,61449,16673,45642206,43631125,13186,23551450,7117
CROWLEY ISD,16227,889,64750,13923,178345595,180185295,11464,106372378,6768
KENNEDALE ISD,2836,1006,63282,13654,34526316,33432814,11617,18490434,6425
AZLE ISD,6864,1029,60258,11420,69296403,67491995,10122,38546444,5781
HURST-EULESS-BEDFORD ISD,22814,1114,64759,13315,233239089,217560236,9507,132533213,5792
CASTLEBERRY ISD,3636,869,62281,13278,45154836,40891600,11309,23774946,6575
EAGLE MT-SAGINAW ISD,22381,1054,61681,13391,224345137,218910170,10348,128469879,6073
CARROLL ISD,8382,1259,61534,14858,91767365,86708451,10424,49389780,5938
WHITE SETTLEMENT ISD,6981,929,59582,11924,67944428,66694929,9969,37788510,5649
TEXAS COLLEGE PREPARATORY ACADEMIES,15236,1104,48328,10134,158650605,144326580,9210,89095779,5686
ABILENE ISD,15274,1044,55009,13199,179023889,170570580,10984,97471005,6277
MERKEL ISD,1082,989,48890,12883,13085809,12132239,11090,6891157,6299
TRENT ISD,138,-1,47888,27433,3081672,2757887,21053,1294411,9881
JIM NED CISD,1576,1023,51310,12397,16363522,15606124,11045,9037162,6396
WYLIE ISD,5097,1149,50075,10478,46135745,41347731,8437,24275458,4953
TERRELL COUNTY ISD,133,-1,54162,32170,2940721,2534593,20947,1128561,9327
BROWNFIELD ISD,1640,897,48165,15671,22002470,19524404,12226,10230334,6406
MEADOW ISD,270,843,48079,17201,4475039,4478443,16900,2507174,9461
WELLMAN-UNION CISD,284,940,48152,18956,5134678,4214676,13729,2212930,7208
THROCKMORTON COLLEGIATE ISD,156,-1,49518,23141,3213367,2783168,19880,1511923,10799
WOODSON ISD,160,-1,62975,17106,2718082,2375622,14755,1328699,8253
MOUNT PLEASANT ISD,5139,1056,52799,13656,66343249,57645766,10881,34494051,6511
CHAPEL HILL ISD,1042,1093,52390,13522,12615076,11985787,12107,6967800,7038
HARTS BLUFF ISD,804,,54103,16780,9745824,7833923,11191,4861744,6945
TEXAS LEADERSHIP PUBLIC SCHOOLS,3511,1079,49519,11157,31940280,29666937,10362,14360035,5016
CHRISTOVAL ISD,562,986,49654,16119,7782435,6532538,11603,3142448,5582
SAN ANGELO ISD,13798,964,51726,11700,139627164,135462029,9646,77174351,5496
WATER VALLEY ISD,350,,54160,19435,5307302,4227093,13592,2365295,7605
WALL ISD,1283,1124,51143,13845,15946350,15415543,12313,9246065,7385
GRAPE CREEK ISD,1132,,47381,14846,15430748,12814649,11682,6955803,6341
VERIBEST ISD,277,-1,49850,14590,3493141,3407934,13260,1656314,6445
UNIVERSITY OF TEXAS AT AUSTIN H S,666,1241,55479,,,,,,
WAYSIDE SCHOOLS,1643,889,48897,11660,21531042,18251388,9807,10236805,5501
NYOS CHARTER SCHOOL,1422,1120,52382,12634,13577427,11045948,10256,6950392,6453
TEXAS EMPOWERMENT ACADEMY,392,-1,53535,16512,5828691,5366330,15202,2841529,8050
UNIVERSITY OF TEXAS UNIVERSITY CHARTER SCHOOL,532,-1,56447,19346,11956062,11135989,18019,6813897,11026
CHAPARRAL STAR ACADEMY,354,1301,54378,8932,3304662,2873379,7766,2097199,5668
HARMONY PUBLIC SCHOOLS - CENTRAL TEXAS,4224,1030,60649,11055,49912409,44822957,9928,25580320,5666
CEDARS INTERNATIONAL ACADEMY,496,1154,54946,13096,6495374,6226601,12554,3809284,7680
UNIVERSITY OF TEXAS ELEMENTARY CHARTER SCHOOL,302,,54480,13582,3938833,3505427,12088,2094848,7224
KIPP TEXAS PUBLIC SCHOOLS,32318,944,57129,12705,391413971,342913909,10995,169731048,5442
AUSTIN DISCOVERY SCHOOL,430,,47556,11231,4862920,4170903,9633,2668820,6164
VALERE PUBLIC SCHOOLS,1018,,57932,12648,12774547,10734475,10628,4761394,4714
AUSTIN ACHIEVE PUBLIC SCHOOLS,2312,-1,57360,14293,31188265,28005024,12835,12768114,5852
MONTESSORI FOR ALL,470,,51304,12699,6082885,4746473,9909,2506109,5232
THE EXCEL CENTER - FOR ADULTS,844,,49296,10141,7402803,6432131,8811,2476108,3392
VALOR PUBLIC SCHOOLS,1378,,45876,10601,11565701,9424436,8638,4764383,4367
AUSTIN ISD,71883,1048,56424,13965,881678532,942187640,12609,474914623,6355
PFLUGERVILLE ISD,25348,982,57518,14088,274270069,277045637,10904,167749722,6602
MANOR ISD,9029,867,55585,14446,101816608,100208325,10866,53786332,5832
EANES ISD,7809,1332,56816,12980,80943211,84671112,10652,49241687,6195
DEL VALLE ISD,10853,881,59243,13929,120626288,127087222,11942,72768440,6838
LAGO VISTA ISD,1803,1149,55372,13391,16491011,16102269,9983,9380055,5815
LAKE TRAVIS ISD,10953,1169,55278,13575,101634305,101889527,9288,57030611,5199
GROVETON ISD,741,1052,53818,14312,10874144,9962383,13091,5572214,7322
TRINITY ISD,1159,959,50531,14434,15376167,15350625,13222,7825140,6740
CENTERVILLE ISD,137,846,52999,18136,2471201,2141302,15517,1254122,9088
APPLE SPRINGS ISD,205,1083,55166,14852,3001004,2808524,13700,1379554,6730
COLMESNEIL ISD,453,991,55468,14531,6280492,4943171,11364,2738813,6296
WOODVILLE ISD,1263,959,50765,14995,18441735,18060564,14660,9212201,7477
WARREN ISD,1262,1004,52715,14310,16551049,14647183,11570,7248050,5725
SPURGER ISD,369,762,50143,16047,5645926,5001628,14050,2718135,7635
CHESTER ISD,212,923,75719,15107,3135866,2842270,13470,1529083,7247
BIG SANDY ISD,655,930,48216,14994,8921435,7730944,12042,4414203,6876
GILMER ISD,2676,-1,49463,16238,37453850,31595161,12593,17393539,6932
ORE CITY ISD,861,,49199,14540,12929722,11103977,11965,5813652,6265
UNION HILL ISD,284,-1,52397,16664,5060980,4591581,14956,2707749,8820
HARMONY ISD,1036,-1,51024,12869,12985486,11601620,11319,6816673,6650
NEW DIANA ISD,1214,-1,50438,13796,13013666,12564311,10739,6342624,5421
UNION GROVE ISD,701,-1,50863,14138,9296493,8873764,12308,4791642,6646
MCCAMEY ISD,521,-1,54171,25169,9291828,8595869,17436,4050087,8215
RANKIN ISD,312,963,52405,96600,10490447,23856448,82548,4421673,15300
KNIPPA ISD,412,1153,48912,12780,5641736,4672646,10247,3102694,6804
SABINAL ISD,393,942,53701,19337,8011301,8189979,19454,4171484,9909
UVALDE CISD,4103,896,53427,14458,51551642,53228473,12957,29408010,7159
UTOPIA ISD,212,964,52297,14671,2989808,3010759,14615,1546490,7507
SAN FELIPE-DEL RIO CISD,9851,1015,56157,11901,111200335,103641127,10512,56216652,5702
COMSTOCK ISD,240,900,50848,20242,4214884,3330447,14418,1795468,7773
RANCH ACADEMY,75,,60279,18438,1124729,987859,16194,539072,8837
CANTON ISD,2273,1073,50996,12580,22768396,19767867,9289,12007395,5643
EDGEWOOD ISD,1027,1003,53351,14332,13153534,10920965,11364,5968139,6210
GRAND SALINE ISD,1173,928,50340,15409,15950290,14456892,12989,7213443,6481
MARTINS MILL ISD,511,1021,53056,14014,6005014,6051318,13241,3470393,7594
VAN ISD,2366,957,47915,12224,25417139,24494551,10445,12814244,5464
WILLS POINT ISD,2628,1030,53416,11718,28813924,24515700,9966,13117241,5332
FRUITVALE ISD,427,1162,51852,15874,6652224,6032906,14030,3368118,7833
BLOOMINGTON ISD,825,864,53513,13999,11726486,11665958,13182,6127064,6923
VICTORIA ISD,13253,990,52838,12063,140315045,137946718,10268,75387890,5611
NURSERY ISD,136,,47775,16200,2038013,1822966,12929,987803,7006
RAVEN SCHOOL,29,,62353,23549,918412,1174733,30121,521325,13367
SAM HOUSTON STATE UNIVERSITY CHARTER SCHOOL,432,,57550,12192,4876928,3285371,8213,2281443,5704
NEW WAVERLY ISD,994,1035,51665,14950,13857414,12760401,12293,6985858,6730
HUNTSVILLE ISD,15260,971,51104,9214,96828043,90873450,8392,59082923,5456
HEMPSTEAD ISD,1584,908,54050,14289,19212148,19433560,12861,10048328,6650
WALLER ISD,8367,928,62237,14097,88458161,85663681,11059,48912416,6315
ROYAL ISD,2572,959,57657,15624,32394840,30319919,12246,16865046,6811
MONAHANS-WICKETT-PYOTE ISD,2039,903,56082,20573,31827585,26170913,12486,15363051,7330
GRANDFALLS-ROYALTY ISD,147,,59505,19067,2400378,2527661,15227,1431600,8624
BRENHAM ISD,4866,1015,53796,11648,54535045,53399198,10853,30830480,6266
BURTON ISD,519,909,55295,17446,7781210,6772702,14199,4044486,8479
TRIUMPH PUBLIC HIGH SCHOOLS-LAREDO,182,781,41487,14806,3582932,3458375,14291,1703191,7038
LAREDO ISD,19716,859,60329,13935,270875458,267545936,12153,154194576,7004
UNITED ISD,39243,1000,58924,12654,489265086,469624276,11226,267132266,6385
WEBB CISD,264,947,61610,35561,7482546,7087074,26346,3345980,12439
BOLING ISD,1141,1007,53084,11474,12555497,11756736,10727,5807359,5299
EAST BERNARD ISD,954,1016,52780,14080,11481441,10121343,10978,6000641,6508
EL CAMPO ISD,3404,1045,55987,13265,41353302,38961215,11125,21647778,6182
WHARTON ISD,1960,983,52871,13652,22122115,21852899,11459,11851217,6215
LOUISE ISD,518,1017,59302,14101,6881205,6538056,13398,3687902,7557
SHAMROCK ISD,381,825,50060,16210,6452202,6205578,15398,3500812,8687
WHEELER ISD,406,,52043,14763,5657966,4856978,11647,3120739,7484
KELTON ISD,137,,47643,27333,2373563,1984026,16672,1121027,9420
FORT ELLIOTT CISD,159,,50557,31354,1851044,3077075,21369,1361310,9454
BURKBURNETT ISD,3307,1168,52818,13906,39391751,31465342,9848,18311653,5731
ELECTRA ISD,454,1113,52474,20026,6839386,6096606,13825,3166213,7180
IOWA PARK CISD,1921,1064,53323,12404,20871625,19404070,10223,11289805,5948
WICHITA FALLS ISD,13371,1071,57611,11225,142802416,147126915,10829,90044734,6627
CITY VIEW ISD,1121,1018,49418,18879,18351851,14155682,13837,7241297,7078
HARROLD ISD,105,-1,63494,25508,2690632,2167463,20257,1136275,10619
VERNON ISD,1862,-1,46089,13332,24494134,21894366,11578,12764601,6750
NORTHSIDE ISD,236,923,52115,14915,3322896,2513184,10560,1331924,5596
LASARA ISD,327,1077,54721,18468,5272721,5207418,16637,2999073,9582
LYFORD CISD,1428,-1,50760,16857,21037145,20293523,14005,9465894,6533
RAYMONDVILLE ISD,1959,850,56427,21717,30293167,28237164,13582,14418163,6935
SAN PERLITA ISD,223,,54351,22057,4604313,5041075,21729,2526824,10891
MERIDIAN WORLD SCHOOL LLC,1683,1227,55339,10312,17313738,15384972,9163,9766840,5817
GOODWATER MONTESSORI SCHOOL,369,,49415,12209,4175636,3836591,11218,2033057,5945
FLORENCE ISD,1114,938,54255,14841,14730876,14431678,13462,7488492,6986
GEORGETOWN ISD,12566,990,55170,14610,130180092,135924548,11493,77905307,6587
GRANGER ISD,506,1069,51486,13851,6140832,5811373,12943,3180706,7084
HUTTO ISD,8932,1103,56038,12855,88892732,88309457,10513,50277414,5985
JARRELL ISD,2882,1012,56278,14596,25116654,23489643,10200,13039337,5662
LIBERTY HILL ISD,6824,1048,53354,12871,52322159,50407999,9130,28768148,5211
ROUND ROCK ISD,45990,1106,58184,11734,457218588,482303278,10015,284843739,5915
TAYLOR ISD,3014,956,53831,14502,37188831,35020393,11835,18623661,6294
THRALL ISD,786,1023,54355,14027,10179772,9120232,11738,4693295,6040
LEANDER ISD,41543,1098,56150,12733,374903797,383781913,9534,237340044,5896
COUPLAND ISD,263,,53341,16238,2561235,2069103,11960,1039705,6010
FLORESVILLE ISD,4010,1041,55076,11292,39030433,39048618,9799,21050240,5282
LA VERNIA ISD,3356,1001,53750,11327,31134038,30866765,9613,17778304,5537
POTH ISD,909,1068,50801,18492,10788063,9796830,11649,5281304,6280
STOCKDALE ISD,813,1124,50064,14569,10205218,9394783,12060,5375060,6900
KERMIT ISD,1270,-1,56456,15405,17440237,19213468,15093,9736042,7648
WINK-LOVING ISD,407,995,60538,94549,22970287,8403197,20852,4351556,10798
ALVORD ISD,786,967,55135,15423,10108113,8919769,12616,4722325,6679
BOYD ISD,1228,973,53616,12390,14297176,13811771,10901,7114457,5615
BRIDGEPORT ISD,2027,1061,53572,13944,26177046,25024991,12207,13967619,6813
CHICO ISD,576,926,57569,15355,7623908,7490934,12783,4070409,6946
DECATUR ISD,3600,965,58431,15914,38366130,37381444,10975,20685113,6073
PARADISE ISD,1281,1039,54652,12755,13837208,12399055,10222,6930801,5714
SLIDELL ISD,383,1049,54681,14048,4440486,3746402,10922,1891982,5516
HAWKINS ISD,747,-1,50483,17375,9542550,9272591,14114,4982331,7583
MINEOLA ISD,1631,1044,52108,14510,22572811,20777196,13109,11950297,7540
QUITMAN ISD,1176,1077,50171,17815,19031883,13394539,11917,6806170,6055
YANTIS ISD,368,,46439,13305,4936276,4046420,10907,2355819,6350
ALBA-GOLDEN ISD,857,-1,51673,13680,11305682,10608738,12408,6495233,7597
WINNSBORO ISD,1532,-1,48754,21267,20610434,17374127,11859,9403583,6419
DENVER CITY ISD,1596,967,52984,16921,19264912,20899687,12869,11016868,6784
PLAINS ISD,410,,55179,29262,6451148,6392297,14866,3259172,7579
GRAHAM ISD,2293,1065,53486,13271,27643310,24174184,10626,14154642,6222
NEWCASTLE ISD,212,,55736,17174,3280326,3219501,15331,1902730,9061
OLNEY ISD,696,1046,48632,18880,12203200,10776772,15286,5984623,8489
ZAPATA COUNTY ISD,3284,-1,54608,11998,40846570,37143138,10676,20186764,5802
CRYSTAL CITY ISD,1779,862,50929,15386,24049138,22468366,12285,10066778,5504
LA PRYOR ISD,484,,53598,18230,9304435,7659664,14702,4290808,8236